CustomerID,Tenure_Months,MonthlyCharges,ContractType,InternetService,PaperlessBilling,PaymentMethod,TotalCharges,Churn,MonthlyToTotalRatio,IsNewCustomer
CUST-0001,52,105.57,Month-to-month,Fiber optic,Yes,Mailed check,5500.21,1,0.019190323583357115,0
CUST-0002,15,103.02,Two year,Fiber optic,No,Electronic check,1547.29,1,0.06653792248222232,0
CUST-0003,61,59.72,Month-to-month,Fiber optic,Yes,Electronic check,3659.24,0,0.016315869997595787,0
CUST-0004,21,86.81,One year,DSL,No,Credit card,1829.23,0,0.04743119717194014,0
CUST-0005,24,40.5,One year,No,No,Bank transfer,964.43,0,0.041950219073366275,0
CUST-0006,3,49.31,One year,Fiber optic,Yes,Electronic check,145.55,0,0.3364721937905152,1
CUST-0007,22,109.63,Month-to-month,DSL,No,Mailed check,2389.25,1,0.04586549524108357,0
CUST-0008,53,21.3,Month-to-month,Fiber optic,Yes,Electronic check,1119.88,0,0.019002926272214688,0
CUST-0009,2,28.55,One year,DSL,No,Electronic check,53.29,0,0.525879535826119,1
CUST-0010,30,40.79,One year,DSL,Yes,Credit card,1229.16,0,0.0331582883527346,0
CUST-0011,38,22.65,Month-to-month,Fiber optic,Yes,Credit card,853.2,0,0.02651603839850152,0
CUST-0012,2,38.14,One year,DSL,No,Mailed check,63.82,0,0.5883986423943228,1
CUST-0013,64,78.3,Month-to-month,Fiber optic,Yes,Credit card,4992.32,0,0.015680949748864484,0
CUST-0014,60,62.14,One year,Fiber optic,No,Electronic check,3722.44,0,0.016688868358292332,0
CUST-0015,21,109.27,Month-to-month,DSL,Yes,Electronic check,2314.18,1,0.04719719417064764,0
CUST-0016,33,101.74,Two year,No,Yes,Credit card,3360.13,0,0.030269581956068343,0
CUST-0017,58,54.18,Month-to-month,DSL,Yes,Electronic check,3151.84,0,0.017184506667004985,0
CUST-0018,22,45.94,Month-to-month,DSL,Yes,Electronic check,1001.68,1,0.04581720987752822,0
CUST-0019,49,57.97,Month-to-month,DSL,Yes,Mailed check,2824.8,0,0.020514544553754687,0
CUST-0020,59,79.03,Month-to-month,DSL,Yes,Credit card,4650.56,0,0.01698999905408078,0
CUST-0021,42,46.81,Two year,DSL,Yes,Electronic check,1965.05,0,0.023809160499478652,0
CUST-0022,60,82.41,Two year,Fiber optic,Yes,Credit card,4924.66,0,0.01673075283312287,0
CUST-0023,15,60.94,Month-to-month,No,No,Mailed check,904.03,1,0.06733478448228236,0
CUST-0024,62,75.2,Month-to-month,DSL,No,Credit card,4656.54,0,0.01614586240805232,0
CUST-0025,62,63.61,One year,Fiber optic,Yes,Electronic check,3930.61,0,0.01617912254776033,0
CUST-0026,47,49.45,Two year,Fiber optic,No,Credit card,2302.91,0,0.02146351202954977,0
CUST-0027,62,114.85,One year,No,Yes,Electronic check,7123.6,0,0.01612020323948011,0
CUST-0028,51,96.36,Month-to-month,Fiber optic,No,Electronic check,4914.82,1,0.019602019602019603,0
CUST-0029,55,34.01,Month-to-month,DSL,No,Electronic check,1878.34,0,0.0180967786563368,0
CUST-0030,64,106.85,One year,DSL,No,Mailed check,6827.3,0,0.015648111535814184,0
CUST-0031,3,68.74,Month-to-month,Fiber optic,Yes,Credit card,213.82,1,0.31998882785587934,1
CUST-0032,51,109.46,One year,No,No,Mailed check,5597.75,0,0.019550792587631167,0
CUST-0033,7,99.99,Month-to-month,DSL,Yes,Credit card,702.55,1,0.14212209508919055,0
CUST-0034,21,62.52,One year,DSL,No,Mailed check,1306.82,0,0.04780474377207873,0
CUST-0035,39,22.25,Month-to-month,No,Yes,Bank transfer,869.2,0,0.025568834750632038,0
CUST-0036,18,46.87,One year,No,No,Electronic check,837.08,0,0.0559254486445208,0
CUST-0037,4,74.16,Month-to-month,No,No,Electronic check,288.4,1,0.2562543192812716,1
CUST-0038,60,83.35,One year,Fiber optic,No,Mailed check,5007.83,0,0.016640612678010633,0
CUST-0039,14,45.79,Month-to-month,DSL,Yes,Bank transfer,639.67,1,0.0714720526948351,0
CUST-0040,9,33.94,One year,Fiber optic,No,Electronic check,317.51,0,0.10655866377821732,0
CUST-0041,53,103.49,One year,Fiber optic,Yes,Credit card,5480.55,0,0.01887969643622698,0
CUST-0042,2,118.44,One year,DSL,No,Mailed check,233.47,1,0.5051392502239093,1
CUST-0043,60,72.57,One year,Fiber optic,Yes,Electronic check,4348.53,0,0.01668456132041853,0
CUST-0044,71,37.17,One year,Fiber optic,Yes,Electronic check,2627.87,0,0.014139154845998472,0
CUST-0045,44,47.23,Two year,DSL,Yes,Mailed check,2086.26,0,0.022627751214510886,0
CUST-0046,8,21.84,Month-to-month,Fiber optic,Yes,Mailed check,196.58,1,0.11053750379593076,0
CUST-0047,47,111.43,Two year,Fiber optic,Yes,Credit card,5233.39,0,0.021288058398399815,0
CUST-0048,35,31.78,Month-to-month,No,Yes,Credit card,1105.5,1,0.028721192950745596,0
CUST-0049,36,77.65,Month-to-month,DSL,Yes,Electronic check,2787.95,1,0.027842019397981324,0
CUST-0050,50,47.41,Month-to-month,DSL,No,Electronic check,2363.7,0,0.020049054848395146,0
CUST-0051,4,75.42,Month-to-month,Fiber optic,No,Mailed check,318.18,1,0.23629300081458737,1
CUST-0052,2,85.14,One year,DSL,Yes,Electronic check,163.1,1,0.5188299817184644,1
CUST-0053,6,102.97,One year,Fiber optic,Yes,Electronic check,611.97,1,0.16798538264515392,1
CUST-0054,54,40.64,One year,Fiber optic,Yes,Mailed check,2182.16,0,0.018615218307407613,0
CUST-0055,4,21.1,One year,DSL,Yes,Electronic check,87.34,0,0.23884989812089655,1
CUST-0056,54,33.69,Month-to-month,Fiber optic,No,Electronic check,1818.59,0,0.01851516000857336,0
CUST-0057,63,110.0,Month-to-month,Fiber optic,No,Bank transfer,6918.63,1,0.01589680373083532,0
CUST-0058,18,107.39,Month-to-month,DSL,Yes,Credit card,1924.09,1,0.05578440488496642,0
CUST-0059,44,79.74,Month-to-month,No,Yes,Mailed check,3523.89,1,0.02262198252995129,0
CUST-0060,34,80.05,Month-to-month,No,Yes,Bank transfer,2722.03,1,0.029397399220721033,0
CUST-0061,62,86.5,Month-to-month,Fiber optic,No,Credit card,5364.02,0,0.01612295946706629,0
CUST-0062,14,37.54,One year,Fiber optic,No,Credit card,526.62,0,0.07114969106553959,0
CUST-0063,48,111.44,One year,Fiber optic,Yes,Credit card,5363.07,0,0.020775269524819773,0
CUST-0064,15,61.88,Two year,No,Yes,Bank transfer,917.75,0,0.06735238095238096,0
CUST-0065,62,58.31,Two year,Fiber optic,No,Bank transfer,3611.26,0,0.01614224889681252,0
CUST-0066,40,71.89,One year,Fiber optic,No,Credit card,2873.91,0,0.02500600018783197,0
CUST-0067,53,24.7,Month-to-month,No,Yes,Electronic check,1291.89,0,0.01910448684729559,0
CUST-0068,24,36.63,One year,DSL,Yes,Electronic check,869.96,0,0.04205704050702673,0
CUST-0069,26,93.8,One year,No,Yes,Bank transfer,2449.27,0,0.038281495508658225,0
CUST-0070,60,28.28,Month-to-month,DSL,Yes,Bank transfer,1704.4,0,0.01658261991321684,0
CUST-0071,41,80.32,Month-to-month,DSL,Yes,Bank transfer,3302.49,1,0.024313680380446134,0
CUST-0072,29,44.53,Two year,DSL,Yes,Credit card,1285.48,0,0.034613829985697404,0
CUST-0073,15,58.93,Month-to-month,No,Yes,Electronic check,879.29,1,0.0669438480500744,0
CUST-0074,45,48.87,One year,No,Yes,Bank transfer,2181.27,0,0.02239411255252558,0
CUST-0075,65,55.57,One year,Fiber optic,No,Bank transfer,3621.37,0,0.01534078517655568,0
CUST-0076,71,91.9,Month-to-month,Fiber optic,Yes,Mailed check,6535.87,0,0.01405871617456061,0
CUST-0077,9,49.71,Month-to-month,Fiber optic,Yes,Credit card,458.23,1,0.10824641247305272,0
CUST-0078,1,76.64,Month-to-month,No,Yes,Mailed check,92.68,1,0.8181041844577284,1
CUST-0079,8,67.61,Month-to-month,Fiber optic,Yes,Electronic check,545.1,1,0.12380516388939754,0
CUST-0080,63,86.37,Month-to-month,DSL,No,Mailed check,5456.88,0,0.015824825756520847,0
CUST-0081,11,113.68,Two year,DSL,Yes,Mailed check,1248.48,1,0.09098184844895477,0
CUST-0082,8,93.26,Month-to-month,Fiber optic,Yes,Mailed check,728.41,1,0.1278567609437765,0
CUST-0083,35,41.49,One year,Fiber optic,No,Credit card,1460.76,0,0.02838359238178634,0
CUST-0084,35,23.12,Month-to-month,DSL,Yes,Electronic check,791.16,0,0.029186023025651386,0
CUST-0085,33,46.23,Two year,DSL,No,Mailed check,1527.29,0,0.030249494533105627,0
CUST-0086,5,79.51,Month-to-month,No,Yes,Credit card,407.1,1,0.1948296986032835,1
CUST-0087,41,25.14,Month-to-month,DSL,Yes,Electronic check,1033.98,0,0.024290324450714024,0
CUST-0088,28,69.64,Two year,Fiber optic,Yes,Bank transfer,1972.7,0,0.03528398439479151,0
CUST-0089,7,79.68,Two year,No,Yes,Mailed check,538.1,0,0.14780189204229272,0
CUST-0090,12,53.42,Month-to-month,Fiber optic,No,Electronic check,640.21,1,0.08331123968746589,0
CUST-0091,34,97.09,Two year,DSL,No,Mailed check,3301.23,0,0.029401343940307006,0
CUST-0092,33,30.66,Month-to-month,Fiber optic,Yes,Bank transfer,998.34,1,0.030680248964316446,0
CUST-0093,48,27.51,Month-to-month,No,Yes,Electronic check,1308.94,0,0.021000961876116463,0
CUST-0094,23,92.82,Month-to-month,Fiber optic,No,Credit card,2126.41,1,0.04363051785974495,0
CUST-0095,62,69.55,Month-to-month,No,No,Electronic check,4301.1,0,0.01616652332581762,0
CUST-0096,37,88.84,One year,DSL,Yes,Credit card,3286.0,0,0.027027684818983877,0
CUST-0097,44,63.48,Month-to-month,Fiber optic,Yes,Electronic check,2787.09,1,0.02276827505568328,0
CUST-0098,35,44.64,Month-to-month,Fiber optic,Yes,Credit card,1565.58,1,0.028495193351121554,0
CUST-0099,65,101.91,One year,No,No,Bank transfer,6630.64,0,0.015367239476207996,0
CUST-0100,47,99.94,One year,DSL,Yes,Bank transfer,4703.0,0,0.021245748299319727,0
CUST-0101,3,89.47,Month-to-month,No,Yes,Bank transfer,264.31,1,0.3372281482039878,1
CUST-0102,1,47.21,One year,Fiber optic,No,Electronic check,50.05,0,0.9247796278158669,1
CUST-0103,5,79.02,Month-to-month,DSL,Yes,Bank transfer,405.45,1,0.19441505720260793,1
CUST-0104,14,56.1,One year,DSL,Yes,Mailed check,789.86,0,0.07093543737197482,0
CUST-0105,27,29.16,One year,No,Yes,Bank transfer,805.91,0,0.03613785924080753,0
CUST-0106,9,111.73,Two year,DSL,Yes,Credit card,1015.39,1,0.109928275563514,0
CUST-0107,15,33.68,Month-to-month,DSL,Yes,Credit card,522.38,1,0.06435094959685124,0
CUST-0108,42,115.02,Month-to-month,DSL,Yes,Credit card,4805.92,1,0.023928003794529553,0
CUST-0109,51,64.6,Month-to-month,No,Yes,Electronic check,3295.57,1,0.019596125670014588,0
CUST-0110,63,38.51,Month-to-month,Fiber optic,Yes,Mailed check,2422.89,0,0.015887684672159216,0
CUST-0111,52,74.19,Month-to-month,Fiber optic,No,Bank transfer,3856.63,1,0.01923201551211495,0
CUST-0112,4,107.29,Two year,DSL,No,Mailed check,421.11,1,0.2541754518964251,1
CUST-0113,23,93.22,Month-to-month,Fiber optic,Yes,Mailed check,2148.02,1,0.04337791179235186,0
CUST-0114,15,100.66,Month-to-month,Fiber optic,Yes,Credit card,1491.82,1,0.06742942886617274,0
CUST-0115,43,85.88,One year,No,Yes,Credit card,3696.87,0,0.02322418040655837,0
CUST-0116,29,89.23,Month-to-month,No,Yes,Credit card,2579.95,1,0.03457254111858037,0
CUST-0117,36,104.92,One year,DSL,Yes,Electronic check,3772.12,0,0.02780722585022475,0
CUST-0118,13,44.97,Month-to-month,Fiber optic,No,Mailed check,589.0,1,0.07622033898305085,0
CUST-0119,32,68.94,Month-to-month,DSL,Yes,Mailed check,2206.87,1,0.031224664495645125,0
CUST-0120,71,42.12,Month-to-month,Fiber optic,Yes,Electronic check,3001.06,0,0.014030365815473374,0
CUST-0121,59,118.77,Month-to-month,DSL,Yes,Electronic check,6997.73,1,0.016970221740230013,0
CUST-0122,28,114.41,Two year,DSL,No,Electronic check,3202.67,0,0.03571216760777483,0
CUST-0123,66,23.94,Month-to-month,DSL,Yes,Mailed check,1588.93,0,0.01505726667211764,0
CUST-0124,42,90.56,One year,Fiber optic,No,Mailed check,3807.13,0,0.02378070076389199,0
CUST-0125,45,112.52,Month-to-month,DSL,Yes,Credit card,5067.66,1,0.02219916111950693,0
CUST-0126,62,38.06,Month-to-month,Fiber optic,No,Credit card,2370.8,0,0.016046884222953032,0
CUST-0127,57,76.79,Two year,Fiber optic,No,Mailed check,4372.97,0,0.0175561332153627,0
CUST-0128,6,111.55,Month-to-month,DSL,Yes,Credit card,663.13,1,0.16796410341348833,1
CUST-0129,28,23.39,One year,Fiber optic,Yes,Electronic check,660.68,0,0.03534941361383146,0
CUST-0130,28,89.74,Two year,DSL,Yes,Bank transfer,2511.23,0,0.03572125163699184,0
CUST-0131,44,49.73,One year,Fiber optic,Yes,Credit card,2199.34,0,0.02260105256460365,0
CUST-0132,30,112.44,Two year,Fiber optic,No,Mailed check,3376.9,0,0.033286953432606056,0
CUST-0133,62,117.11,Month-to-month,DSL,No,Credit card,7254.59,1,0.016140658444041077,0
CUST-0134,62,114.43,Month-to-month,DSL,No,Credit card,7098.04,1,0.016119080889810455,0
CUST-0135,1,67.42,Month-to-month,DSL,No,Credit card,58.39,1,1.1352079474659034,1
CUST-0136,27,106.2,One year,No,Yes,Bank transfer,2876.87,0,0.036902292320361935,0
CUST-0137,62,104.45,Two year,Fiber optic,Yes,Electronic check,6461.93,0,0.01616140047934915,0
CUST-0138,3,51.91,Month-to-month,Fiber optic,No,Mailed check,167.95,1,0.30725066587747857,1
CUST-0139,70,102.89,One year,Fiber optic,Yes,Bank transfer,7205.51,0,0.014277368656950451,0
CUST-0140,27,23.7,Month-to-month,DSL,No,Mailed check,638.25,1,0.03707469691044192,0
CUST-0141,9,79.63,One year,Fiber optic,Yes,Mailed check,724.3,0,0.10978905280573556,0
CUST-0142,62,43.0,Month-to-month,Fiber optic,Yes,Mailed check,2671.11,0,0.016092151894944444,0
CUST-0143,37,32.06,Two year,DSL,No,Bank transfer,1199.52,0,0.02670509445906774,0
CUST-0144,51,27.7,One year,DSL,Yes,Electronic check,1425.91,0,0.019412576826849624,0
CUST-0145,44,89.63,Month-to-month,DSL,No,Mailed check,3947.24,1,0.02270125422973274,0
CUST-0146,24,53.99,Month-to-month,Fiber optic,No,Electronic check,1287.04,1,0.04191640011179777,0
CUST-0147,59,92.48,Month-to-month,No,No,Electronic check,5450.9,1,0.016962893670096665,0
CUST-0148,32,26.54,Month-to-month,DSL,No,Credit card,848.56,1,0.031239700550873394,0
CUST-0149,52,51.53,Month-to-month,Fiber optic,Yes,Bank transfer,2690.38,0,0.019146311557639576,0
CUST-0150,62,73.95,Two year,DSL,No,Bank transfer,4580.34,0,0.01614156556815255,0
CUST-0151,58,99.07,One year,No,Yes,Credit card,5742.33,0,0.017249574724071227,0
CUST-0152,52,51.88,One year,DSL,Yes,Credit card,2716.24,0,0.019092903092844213,0
CUST-0153,12,82.59,Month-to-month,Fiber optic,No,Electronic check,990.04,1,0.08333669680335809,0
CUST-0154,39,108.6,Two year,Fiber optic,Yes,Mailed check,4229.05,0,0.025673455396508314,0
CUST-0155,2,81.59,One year,Fiber optic,Yes,Bank transfer,170.95,1,0.47449840069787735,1
CUST-0156,3,43.3,Month-to-month,Fiber optic,Yes,Mailed check,129.34,1,0.3322080711984041,1
CUST-0157,56,22.44,One year,DSL,Yes,Mailed check,1242.74,0,0.018042356119446188,0
CUST-0158,59,107.01,One year,DSL,No,Credit card,6324.0,0,0.016918577075098817,0
CUST-0159,2,22.13,Month-to-month,DSL,Yes,Mailed check,36.79,1,0.5856046573167505,1
CUST-0160,2,107.47,Month-to-month,DSL,No,Electronic check,215.38,1,0.4966725205656715,1
CUST-0161,54,72.89,Month-to-month,Fiber optic,No,Credit card,3935.38,1,0.01851701309324811,0
CUST-0162,1,113.91,Month-to-month,DSL,No,Mailed check,116.21,1,0.9718454056821091,1
CUST-0163,19,99.88,Two year,DSL,Yes,Credit card,1875.81,0,0.053217960262360066,0
CUST-0164,2,119.79,Two year,Fiber optic,No,Electronic check,236.23,1,0.5049529991990895,1
CUST-0165,53,55.07,One year,No,Yes,Electronic check,2929.96,0,0.018789065698610694,0
CUST-0166,44,96.72,Month-to-month,Fiber optic,No,Mailed check,4268.33,1,0.022654608568557597,0
CUST-0167,32,60.19,Month-to-month,DSL,Yes,Credit card,1916.17,1,0.0313952335995243,0
CUST-0168,70,67.99,One year,DSL,No,Mailed check,4768.51,0,0.014255133126883054,0
CUST-0169,32,82.75,One year,No,No,Mailed check,2640.39,0,0.031328202196570745,0
CUST-0170,68,107.37,Month-to-month,DSL,Yes,Credit card,7297.41,1,0.014711423447024764,0
CUST-0171,55,118.41,One year,DSL,Yes,Mailed check,6509.33,0,0.018188018118897198,0
CUST-0172,56,96.83,Two year,Fiber optic,No,Electronic check,5423.57,0,0.017850262785806065,0
CUST-0173,17,61.78,Month-to-month,Fiber optic,Yes,Credit card,1060.27,1,0.05821327277695591,0
CUST-0174,38,62.14,Month-to-month,Fiber optic,No,Credit card,2363.97,1,0.02627517473794594,0
CUST-0175,24,93.76,One year,DSL,Yes,Credit card,2248.98,0,0.04167148152428022,0
CUST-0176,69,43.88,Month-to-month,DSL,Yes,Credit card,3037.39,0,0.014441859010857726,0
CUST-0177,70,31.05,Month-to-month,No,No,Mailed check,2165.47,0,0.01433207014175133,0
CUST-0178,11,55.46,Month-to-month,DSL,No,Mailed check,609.29,1,0.090874829998853,0
CUST-0179,16,48.72,Month-to-month,Fiber optic,No,Electronic check,789.48,1,0.06163343791114259,0
CUST-0180,59,49.63,One year,Fiber optic,Yes,Bank transfer,2933.46,0,0.01691282212059459,0
CUST-0181,70,43.36,One year,Fiber optic,No,Bank transfer,3030.54,0,0.014302961531103003,0
CUST-0182,3,24.21,Month-to-month,DSL,Yes,Electronic check,57.5,1,0.41384615384615386,1
CUST-0183,20,21.79,Two year,DSL,No,Bank transfer,438.91,0,0.049532858993885105,0
CUST-0184,59,118.77,Two year,Fiber optic,No,Electronic check,6991.64,0,0.016985001372872045,0
CUST-0185,36,62.78,Two year,No,Yes,Mailed check,2257.95,0,0.027791673122468406,0
CUST-0186,19,58.43,Month-to-month,No,Yes,Credit card,1121.96,1,0.05203212937237301,0
CUST-0187,67,87.96,Month-to-month,DSL,Yes,Credit card,5899.29,0,0.014907741822859553,0
CUST-0188,19,41.83,Two year,DSL,No,Mailed check,774.53,0,0.05393730738978505,0
CUST-0189,20,115.0,One year,No,Yes,Credit card,2302.0,1,0.04993486756404689,0
CUST-0190,71,98.63,Month-to-month,Fiber optic,No,Credit card,6999.54,0,0.014088913140986266,0
CUST-0191,52,28.94,Month-to-month,No,Yes,Bank transfer,1492.14,0,0.019381973559076844,0
CUST-0192,33,61.76,Month-to-month,DSL,No,Mailed check,2041.43,1,0.03023849042562046,0
CUST-0193,40,107.91,Two year,Fiber optic,No,Bank transfer,4311.48,0,0.025022724743071274,0
CUST-0194,39,114.47,One year,Fiber optic,Yes,Bank transfer,4459.47,0,0.025663214863007707,0
CUST-0195,1,66.74,Month-to-month,Fiber optic,Yes,Credit card,67.98,1,0.9675268193679326,1
CUST-0196,11,81.34,Month-to-month,Fiber optic,Yes,Credit card,888.48,1,0.09144668795251158,0
CUST-0197,57,36.7,One year,DSL,No,Mailed check,2092.86,0,0.01752743736448473,0
CUST-0198,50,119.12,Two year,Fiber optic,No,Credit card,5950.07,0,0.020016568449035217,0
CUST-0199,23,43.17,Month-to-month,DSL,Yes,Credit card,987.53,1,0.04367090528360293,0
CUST-0200,31,114.27,One year,Fiber optic,No,Mailed check,3552.3,0,0.032158838263023105,0
CUST-0201,42,84.96,Two year,No,Yes,Credit card,3579.27,0,0.023730053878618092,0
CUST-0202,7,80.77,Month-to-month,DSL,Yes,Bank transfer,548.3,1,0.14704168942290188,0
CUST-0203,16,71.27,One year,No,No,Mailed check,1147.79,0,0.062039189059793345,0
CUST-0204,60,43.07,Month-to-month,DSL,Yes,Credit card,2598.19,0,0.016570546978097022,0
CUST-0205,2,37.65,One year,Fiber optic,Yes,Electronic check,90.87,0,0.40981822139980406,1
CUST-0206,1,42.05,One year,No,Yes,Mailed check,47.25,0,0.871502590673575,1
CUST-0207,48,38.64,One year,DSL,Yes,Mailed check,1844.15,0,0.02094138687911552,0
CUST-0208,12,97.96,One year,DSL,Yes,Electronic check,1181.82,1,0.08281902571819888,0
CUST-0209,69,55.01,Month-to-month,Fiber optic,Yes,Credit card,3787.0,0,0.014522175290390706,0
CUST-0210,37,25.78,Two year,DSL,No,Credit card,950.43,0,0.027096055411328215,0
CUST-0211,32,116.91,One year,Fiber optic,Yes,Mailed check,3744.95,0,0.031209706483001642,0
CUST-0212,9,108.38,Month-to-month,No,Yes,Mailed check,967.37,1,0.1119200305668288,0
CUST-0213,19,112.78,One year,Fiber optic,Yes,Credit card,2131.36,1,0.05288975595115271,0
CUST-0214,48,119.49,One year,DSL,Yes,Credit card,5740.18,0,0.02081279458229841,0
CUST-0215,3,37.39,Month-to-month,Fiber optic,No,Bank transfer,130.84,1,0.2836013349514563,1
CUST-0216,20,59.62,Two year,Fiber optic,No,Mailed check,1204.83,0,0.04944312216481594,0
CUST-0217,24,95.82,Two year,DSL,Yes,Mailed check,2306.75,0,0.0415209619759506,0
CUST-0218,54,89.6,Month-to-month,Fiber optic,No,Electronic check,4848.19,1,0.018477312705833346,0
CUST-0219,33,35.39,Two year,Fiber optic,Yes,Bank transfer,1174.25,0,0.03011274196979366,0
CUST-0220,24,101.58,Month-to-month,Fiber optic,Yes,Credit card,2442.42,1,0.04157287736042105,0
CUST-0221,36,42.44,Month-to-month,DSL,Yes,Bank transfer,1536.83,1,0.027597328703432757,0
CUST-0222,38,42.38,Month-to-month,Fiber optic,Yes,Credit card,1596.76,1,0.0265246344882836,0
CUST-0223,25,73.7,Two year,DSL,Yes,Credit card,1844.49,0,0.03993519336328021,0
CUST-0224,18,79.29,One year,DSL,No,Bank transfer,1426.41,0,0.055548160654612204,0
CUST-0225,66,78.01,Month-to-month,No,Yes,Mailed check,5149.45,0,0.015146249356852316,0
CUST-0226,54,29.15,Month-to-month,Fiber optic,No,Credit card,1569.49,0,0.018561086030474565,0
CUST-0227,35,107.75,One year,DSL,Yes,Bank transfer,3776.45,0,0.028524533746310345,0
CUST-0228,61,46.56,Month-to-month,DSL,Yes,Electronic check,2831.98,0,0.01643499071648935,0
CUST-0229,41,32.95,Two year,DSL,No,Bank transfer,1345.61,0,0.024468851412064372,0
CUST-0230,33,108.87,Two year,DSL,Yes,Electronic check,3586.17,0,0.030349830088900163,0
CUST-0231,68,115.57,One year,DSL,Yes,Credit card,7867.4,0,0.014687865385593005,0
CUST-0232,33,106.21,Two year,DSL,No,Bank transfer,3504.81,0,0.030295423882070047,0
CUST-0233,14,100.95,Month-to-month,Fiber optic,No,Bank transfer,1408.69,1,0.07161148905078421,0
CUST-0234,21,85.52,Two year,Fiber optic,No,Electronic check,1792.19,0,0.047691544119697296,0
CUST-0235,48,75.09,One year,Fiber optic,No,Bank transfer,3604.36,0,0.02082732376239821,0
CUST-0236,20,28.7,One year,Fiber optic,No,Bank transfer,590.22,0,0.04854368932038835,0
CUST-0237,8,60.85,Month-to-month,DSL,No,Credit card,474.43,1,0.12798939907031529,0
CUST-0238,7,57.27,Two year,No,Yes,Bank transfer,407.65,0,0.14014437782943842,0
CUST-0239,67,45.98,Month-to-month,No,Yes,Mailed check,3085.38,0,0.014897711882529046,0
CUST-0240,17,92.34,Month-to-month,No,Yes,Electronic check,1560.95,1,0.059118409680207436,0
CUST-0241,33,69.59,Month-to-month,No,Yes,Bank transfer,2311.14,1,0.030097658446287857,0
CUST-0242,48,28.1,One year,No,No,Electronic check,1354.19,0,0.02073509987529424,0
CUST-0243,59,42.02,One year,Fiber optic,No,Electronic check,2474.1,0,0.016977091834673348,0
CUST-0244,22,88.33,One year,DSL,Yes,Electronic check,1924.67,0,0.04586974923013808,0
CUST-0245,30,27.61,Two year,Fiber optic,Yes,Bank transfer,830.59,0,0.03320145744898327,0
CUST-0246,38,105.12,Month-to-month,Fiber optic,No,Bank transfer,3994.11,1,0.02631216662369747,0
CUST-0247,51,69.51,One year,Fiber optic,Yes,Electronic check,3534.7,0,0.019659473371609584,0
CUST-0248,54,68.06,Month-to-month,Fiber optic,No,Mailed check,3664.8,0,0.01856620655791369,0
CUST-0249,8,79.24,Two year,DSL,Yes,Electronic check,642.61,0,0.1231180373207377,0
CUST-0250,27,102.47,Two year,DSL,Yes,Mailed check,2747.13,0,0.037287173459770825,0
CUST-0251,27,54.78,One year,No,Yes,Electronic check,1482.2,0,0.0369336569579288,0
CUST-0252,21,87.8,One year,Fiber optic,Yes,Credit card,1841.93,0,0.04764152735046909,0
CUST-0253,30,76.57,Month-to-month,Fiber optic,No,Electronic check,2302.07,1,0.03324692692797005,0
CUST-0254,28,46.7,Month-to-month,DSL,No,Electronic check,1304.66,1,0.03576735137784722,0
CUST-0255,64,107.86,Two year,DSL,No,Bank transfer,6905.97,0,0.015616109524147347,0
CUST-0256,69,99.74,Month-to-month,No,Yes,Mailed check,6874.63,0,0.014506307058407738,0
CUST-0257,61,85.85,Month-to-month,Fiber optic,Yes,Credit card,5236.36,1,0.016391846273695145,0
CUST-0258,48,105.06,Month-to-month,Fiber optic,No,Mailed check,5047.77,1,0.020809028733731184,0
CUST-0259,19,106.73,Two year,Fiber optic,No,Credit card,2029.38,0,0.05256651464257922,0
CUST-0260,4,90.84,Month-to-month,Fiber optic,Yes,Electronic check,367.16,1,0.2467405475880052,1
CUST-0261,35,103.7,Month-to-month,DSL,Yes,Bank transfer,3620.22,1,0.028636757777765507,0
CUST-0262,64,89.75,One year,Fiber optic,No,Bank transfer,5738.09,0,0.01563836775516676,0
CUST-0263,49,88.01,Two year,Fiber optic,Yes,Mailed check,4306.76,0,0.020430571805300203,0
CUST-0264,17,81.86,Month-to-month,Fiber optic,Yes,Bank transfer,1388.86,1,0.05889801850546099,0
CUST-0265,44,95.27,Month-to-month,Fiber optic,Yes,Mailed check,4205.47,1,0.02264844394468521,0
CUST-0266,30,35.86,Month-to-month,No,Yes,Mailed check,1072.26,1,0.03341222071073179,0
CUST-0267,46,108.09,Month-to-month,DSL,No,Credit card,4960.7,1,0.02178487212044259,0
CUST-0268,6,107.18,Month-to-month,No,No,Mailed check,648.5,1,0.1650192455735181,1
CUST-0269,37,22.92,One year,DSL,Yes,Credit card,861.51,0,0.0265736049437108,0
CUST-0270,24,102.58,One year,Fiber optic,Yes,Bank transfer,2449.31,0,0.04186409066607898,0
CUST-0271,46,32.89,One year,DSL,Yes,Mailed check,1532.67,0,0.021445291359940534,0
CUST-0272,53,53.51,Month-to-month,DSL,Yes,Mailed check,2840.18,0,0.018833724016077826,0
CUST-0273,60,94.35,Two year,Fiber optic,Yes,Electronic check,5671.34,0,0.0166333470842721,0
CUST-0274,63,36.08,Month-to-month,DSL,No,Mailed check,2287.71,0,0.015764338863377185,0
CUST-0275,32,101.8,Two year,Fiber optic,Yes,Mailed check,3267.33,0,0.031147405555742535,0
CUST-0276,33,103.21,One year,No,Yes,Electronic check,3404.82,0,0.030304009019854247,0
CUST-0277,67,70.75,Month-to-month,DSL,Yes,Electronic check,4752.43,0,0.014883989035286097,0
CUST-0278,18,20.64,One year,Fiber optic,Yes,Bank transfer,374.07,0,0.05502972778414696,0
CUST-0279,25,48.7,Month-to-month,Fiber optic,Yes,Mailed check,1228.4,1,0.03961281926142834,0
CUST-0280,54,81.69,One year,Fiber optic,Yes,Bank transfer,4423.26,0,0.018464104731638734,0
CUST-0281,58,118.12,Month-to-month,DSL,No,Bank transfer,6840.05,1,0.01726635531095373,0
CUST-0282,67,83.18,Month-to-month,DSL,Yes,Electronic check,5581.0,0,0.014901469007524187,0
CUST-0283,46,45.98,Two year,DSL,Yes,Credit card,2113.26,0,0.02174756179467047,0
CUST-0284,24,83.4,Month-to-month,DSL,No,Bank transfer,2002.98,1,0.04161718180820168,0
CUST-0285,32,74.0,Two year,DSL,No,Credit card,2369.27,0,0.03122007197492269,0
CUST-0286,47,97.98,Month-to-month,Fiber optic,Yes,Mailed check,4605.93,1,0.021267959356881916,0
CUST-0287,23,30.7,One year,No,No,Electronic check,721.34,0,0.04250076141429244,0
CUST-0288,66,96.1,One year,No,Yes,Mailed check,6328.94,0,0.015181818469053419,0
CUST-0289,27,74.13,One year,Fiber optic,Yes,Mailed check,1984.29,0,0.037339633000720296,0
CUST-0290,2,116.3,Month-to-month,DSL,Yes,Electronic check,213.27,1,0.542773136696691,1
CUST-0291,17,54.19,Month-to-month,DSL,No,Mailed check,931.92,1,0.05808643827980963,0
CUST-0292,33,83.26,Month-to-month,DSL,No,Electronic check,2739.85,1,0.030377437656201545,0
CUST-0293,9,113.2,Month-to-month,DSL,Yes,Credit card,1020.12,1,0.11085866499529928,0
CUST-0294,43,30.25,One year,Fiber optic,Yes,Mailed check,1299.6,0,0.023258496078732895,0
CUST-0295,48,113.72,Two year,Fiber optic,No,Electronic check,5449.7,0,0.0208633753462858,0
CUST-0296,39,88.79,Two year,DSL,Yes,Bank transfer,3471.32,0,0.025570799926274076,0
CUST-0297,42,26.78,One year,DSL,Yes,Mailed check,1123.49,0,0.02381524068688917,0
CUST-0298,26,50.1,One year,No,No,Credit card,1300.22,0,0.0385023285839443,0
CUST-0299,50,90.82,One year,Fiber optic,No,Electronic check,4543.33,0,0.019985344374198175,0
CUST-0300,25,26.74,Month-to-month,DSL,No,Mailed check,675.71,1,0.039514710880583996,0
CUST-0301,24,78.22,Two year,No,No,Mailed check,1867.69,0,0.04185820012950248,0
CUST-0302,13,54.59,One year,No,Yes,Mailed check,718.4,0,0.07588268001112039,0
CUST-0303,60,82.09,One year,DSL,No,Credit card,4939.9,0,0.016614381995183065,0
CUST-0304,7,24.57,Month-to-month,DSL,No,Electronic check,157.73,1,0.1547911547911548,0
CUST-0305,57,107.15,Month-to-month,Fiber optic,Yes,Bank transfer,6110.33,1,0.017533008363154995,0
CUST-0306,36,117.35,Month-to-month,No,Yes,Bank transfer,4221.55,1,0.027791263572959465,0
CUST-0307,45,116.89,Two year,No,Yes,Bank transfer,5267.04,0,0.02218851793076742,0
CUST-0308,20,94.97,One year,DSL,Yes,Electronic check,1887.23,0,0.0502957796454881,0
CUST-0309,65,33.01,Month-to-month,DSL,No,Bank transfer,2161.94,0,0.015261634626942956,0
CUST-0310,8,95.83,Two year,Fiber optic,No,Credit card,750.56,1,0.127508116451115,0
CUST-0311,16,22.46,Month-to-month,Fiber optic,Yes,Electronic check,356.92,1,0.06275145283862316,0
CUST-0312,14,22.21,Month-to-month,DSL,Yes,Mailed check,315.28,1,0.07022258758062477,0
CUST-0313,15,52.36,Month-to-month,No,No,Credit card,778.54,1,0.0671678169176694,0
CUST-0314,66,68.86,One year,Fiber optic,Yes,Mailed check,4536.33,0,0.015176326165388014,0
CUST-0315,32,97.04,Two year,No,Yes,Bank transfer,3107.5,0,0.03121762908155059,0
CUST-0316,63,88.33,Month-to-month,No,Yes,Credit card,5565.57,0,0.015867940221716427,0
CUST-0317,51,64.59,Two year,Fiber optic,Yes,Electronic check,3294.15,0,0.019601535590185577,0
CUST-0318,25,47.36,Month-to-month,Fiber optic,Yes,Credit card,1192.59,1,0.03967861661039385,0
CUST-0319,58,119.71,Two year,Fiber optic,Yes,Mailed check,6939.24,0,0.017248683042661347,0
CUST-0320,63,62.62,One year,DSL,Yes,Electronic check,3948.26,0,0.015856135073406157,0
CUST-0321,62,65.14,Two year,Fiber optic,Yes,Credit card,4033.61,0,0.016145302767801597,0
CUST-0322,22,36.36,Month-to-month,DSL,Yes,Credit card,791.43,1,0.0458841790442058,0
CUST-0323,58,99.48,Two year,Fiber optic,Yes,Credit card,5766.99,0,0.017246909235279537,0
CUST-0324,58,89.37,One year,DSL,No,Credit card,5178.47,0,0.01725466119120296,0
CUST-0325,49,42.08,Month-to-month,DSL,No,Electronic check,2057.43,0,0.02044276463129667,0
CUST-0326,52,28.24,Two year,DSL,Yes,Mailed check,1480.13,0,0.019066523532708133,0
CUST-0327,42,88.05,Month-to-month,DSL,Yes,Credit card,3695.56,1,0.023819442941545654,0
CUST-0328,70,85.45,Two year,Fiber optic,No,Electronic check,5974.87,0,0.014299173174784593,0
CUST-0329,15,47.33,Month-to-month,Fiber optic,Yes,Mailed check,710.23,1,0.06654668672581303,0
CUST-0330,54,115.09,One year,Fiber optic,Yes,Credit card,6215.9,0,0.01851244189226142,0
CUST-0331,60,35.11,One year,DSL,No,Mailed check,2094.73,0,0.01675311228068501,0
CUST-0332,8,63.23,Month-to-month,DSL,No,Mailed check,502.86,1,0.12549120787520343,0
CUST-0333,53,114.36,Month-to-month,DSL,No,Electronic check,6057.69,1,0.018875367447418502,0
CUST-0334,60,61.97,Month-to-month,DSL,Yes,Mailed check,3716.48,0,0.016669894659823322,0
CUST-0335,5,83.85,Month-to-month,No,No,Electronic check,426.51,1,0.19613576290613083,1
CUST-0336,68,59.76,Month-to-month,DSL,Yes,Credit card,4065.05,0,0.014697310657763677,0
CUST-0337,6,47.42,One year,DSL,No,Mailed check,296.8,0,0.15923438549361987,1
CUST-0338,47,118.4,Month-to-month,DSL,Yes,Mailed check,5564.68,1,0.021273231662618044,0
CUST-0339,55,60.93,Month-to-month,DSL,Yes,Bank transfer,3368.91,0,0.018080601559092083,0
CUST-0340,40,109.41,One year,Fiber optic,No,Credit card,4371.79,0,0.02502063899707052,0
CUST-0341,52,43.0,Month-to-month,Fiber optic,Yes,Credit card,2228.3,0,0.019288565917552594,0
CUST-0342,16,41.31,Two year,DSL,Yes,Bank transfer,666.43,0,0.06189413121975339,0
CUST-0343,13,23.11,Two year,DSL,No,Bank transfer,314.07,0,0.0733487796362713,0
CUST-0344,30,85.17,One year,DSL,Yes,Electronic check,2541.31,0,0.03350102859210718,0
CUST-0345,19,56.85,One year,DSL,Yes,Electronic check,1078.18,0,0.052678885820715726,0
CUST-0346,17,106.44,Two year,DSL,Yes,Mailed check,1803.37,0,0.05899011843468912,0
CUST-0347,63,67.32,Month-to-month,No,No,Mailed check,4242.59,0,0.01586392653390172,0
CUST-0348,19,116.82,Month-to-month,Fiber optic,No,Mailed check,2219.68,1,0.05260550822270656,0
CUST-0349,58,38.55,Month-to-month,Fiber optic,Yes,Mailed check,2249.35,0,0.01713066856266803,0
CUST-0350,55,106.86,One year,Fiber optic,No,Electronic check,5876.22,0,0.01818206567050408,0
CUST-0351,62,97.66,Month-to-month,Fiber optic,Yes,Credit card,6068.67,1,0.016089836844507197,0
CUST-0352,23,97.09,One year,Fiber optic,No,Mailed check,2229.92,0,0.043520162085596975,0
CUST-0353,9,104.48,Two year,Fiber optic,Yes,Credit card,949.58,1,0.10991184329567212,0
CUST-0354,12,96.1,Two year,Fiber optic,Yes,Mailed check,1155.49,1,0.08309626542382553,0
CUST-0355,1,82.62,One year,DSL,No,Bank transfer,99.92,1,0.8186682520808561,1
CUST-0356,58,33.12,Month-to-month,Fiber optic,Yes,Mailed check,1906.19,0,0.017365862866311168,0
CUST-0357,1,23.25,Two year,Fiber optic,Yes,Mailed check,11.61,0,1.843774781919112,1
CUST-0358,34,112.08,One year,No,Yes,Mailed check,3829.04,0,0.029263401948804713,0
CUST-0359,48,81.67,Month-to-month,Fiber optic,No,Electronic check,3912.83,1,0.020867027949604353,0
CUST-0360,1,99.65,Month-to-month,Fiber optic,Yes,Bank transfer,92.95,1,1.0606705694518361,1
CUST-0361,16,68.15,Two year,DSL,Yes,Mailed check,1081.64,0,0.06294797901426144,0
CUST-0362,61,31.73,One year,Fiber optic,Yes,Mailed check,1947.01,0,0.01628841741058824,0
CUST-0363,64,32.52,Two year,DSL,Yes,Credit card,2068.75,0,0.015712042517212227,0
CUST-0364,63,88.56,Two year,DSL,Yes,Bank transfer,5579.5,0,0.015869545739629065,0
CUST-0365,69,63.03,One year,DSL,No,Mailed check,4346.41,0,0.014498287486112421,0
CUST-0366,22,40.05,One year,Fiber optic,No,Credit card,891.47,0,0.044875457998588185,0
CUST-0367,67,69.16,Month-to-month,DSL,Yes,Credit card,4628.08,0,0.014940333716418813,0
CUST-0368,26,26.42,Month-to-month,DSL,Yes,Electronic check,691.07,1,0.03817532908520814,0
CUST-0369,16,78.2,Month-to-month,No,Yes,Credit card,1239.49,1,0.06303960531725367,0
CUST-0370,51,46.9,One year,DSL,Yes,Mailed check,2414.64,0,0.01941514464075773,0
CUST-0371,57,99.76,One year,Fiber optic,No,Electronic check,5683.92,0,0.01754818009752116,0
CUST-0372,29,51.04,Two year,Fiber optic,Yes,Electronic check,1480.25,0,0.034457383966244724,0
CUST-0373,69,65.52,Month-to-month,DSL,Yes,Mailed check,4537.43,0,0.014436710492394946,0
CUST-0374,47,21.16,One year,Fiber optic,No,Bank transfer,988.65,0,0.02138129641792553,0
CUST-0375,62,27.24,One year,DSL,Yes,Credit card,1705.55,0,0.01596202865430254,0
CUST-0376,69,59.25,One year,Fiber optic,No,Electronic check,4084.14,0,0.014503786895920336,0
CUST-0377,16,67.99,One year,Fiber optic,Yes,Bank transfer,1094.56,0,0.062059585965168494,0
CUST-0378,48,80.0,Month-to-month,Fiber optic,No,Mailed check,3834.27,1,0.02085902687424875,0
CUST-0379,39,49.17,One year,Fiber optic,No,Credit card,1904.07,0,0.02581007522033311,0
CUST-0380,33,89.5,Month-to-month,DSL,No,Credit card,2957.65,1,0.03025028306829128,0
CUST-0381,23,106.01,Month-to-month,DSL,No,Electronic check,2444.63,1,0.04334670412122848,0
CUST-0382,10,97.99,Month-to-month,Fiber optic,Yes,Credit card,966.74,1,0.10125653584640502,0
CUST-0383,69,23.96,One year,Fiber optic,Yes,Credit card,1650.17,0,0.014510922557943761,0
CUST-0384,34,68.05,Two year,No,No,Credit card,2325.71,0,0.02924730628226122,0
CUST-0385,52,30.49,One year,No,Yes,Credit card,1591.48,0,0.019146237315382297,0
CUST-0386,10,44.2,One year,No,Yes,Mailed check,438.05,0,0.10067190524997154,0
CUST-0387,19,118.67,One year,Fiber optic,Yes,Bank transfer,2248.75,1,0.052748083120346706,0
CUST-0388,58,34.25,One year,DSL,Yes,Mailed check,2005.98,0,0.01706544160878534,0
CUST-0389,1,69.89,Month-to-month,Fiber optic,Yes,Mailed check,55.42,1,1.2387451258419,1
CUST-0390,69,81.82,Month-to-month,Fiber optic,Yes,Electronic check,5644.99,0,0.014491701189693923,0
CUST-0391,4,90.25,Month-to-month,DSL,No,Credit card,346.35,1,0.25982438462645746,1
CUST-0392,16,75.96,Month-to-month,No,Yes,Mailed check,1228.51,1,0.061780709388292894,0
CUST-0393,24,20.98,Month-to-month,No,Yes,Credit card,503.45,1,0.041589850332044806,0
CUST-0394,2,52.65,Month-to-month,Fiber optic,Yes,Mailed check,107.08,1,0.48713915618060694,1
CUST-0395,32,71.77,Month-to-month,DSL,Yes,Mailed check,2324.33,1,0.030864436445579766,0
CUST-0396,24,28.79,Two year,DSL,No,Electronic check,685.03,0,0.04196609477719633,0
CUST-0397,12,55.06,Month-to-month,No,Yes,Bank transfer,678.21,1,0.08106476641981125,0
CUST-0398,50,23.32,Month-to-month,No,Yes,Bank transfer,1162.09,0,0.020050039119930533,0
CUST-0399,35,27.86,Month-to-month,DSL,No,Mailed check,972.76,1,0.0286107459743674,0
CUST-0400,33,59.69,One year,DSL,Yes,Electronic check,1996.15,0,0.029887589815487066,0
CUST-0401,33,33.27,Month-to-month,No,Yes,Credit card,1096.3,1,0.030319876059418577,0
CUST-0402,61,76.75,Month-to-month,DSL,Yes,Credit card,4668.01,0,0.016438174259639622,0
CUST-0403,51,88.95,One year,Fiber optic,No,Mailed check,4539.27,0,0.01959134588912113,0
CUST-0404,43,100.06,Month-to-month,No,Yes,Bank transfer,4300.85,1,0.023259760335669535,0
CUST-0405,12,40.02,Month-to-month,DSL,Yes,Electronic check,483.91,1,0.08253077890742612,0
CUST-0406,67,36.75,Month-to-month,Fiber optic,Yes,Bank transfer,2460.91,0,0.014927434390371704,0
CUST-0407,65,30.46,Month-to-month,DSL,Yes,Credit card,2002.06,0,0.015206733697442913,0
CUST-0408,33,83.64,Month-to-month,DSL,Yes,Bank transfer,2765.69,1,0.030231070340370623,0
CUST-0409,40,90.65,Month-to-month,No,Yes,Credit card,3615.25,1,0.025067404078810925,0
CUST-0410,43,23.16,Two year,Fiber optic,Yes,Electronic check,997.13,0,0.02320339033993568,0
CUST-0411,44,113.62,One year,No,No,Electronic check,4991.28,0,0.022759140112333445,0
CUST-0412,29,25.2,One year,Fiber optic,No,Mailed check,728.32,0,0.034552734053639005,0
CUST-0413,13,74.13,Month-to-month,DSL,Yes,Mailed check,954.59,1,0.07757511066461557,0
CUST-0414,12,90.91,Two year,DSL,No,Bank transfer,1111.99,0,0.08168087763591766,0
CUST-0415,46,107.1,Month-to-month,DSL,Yes,Electronic check,4919.69,1,0.021765240240697953,0
CUST-0416,2,91.41,Month-to-month,DSL,Yes,Electronic check,189.7,1,0.47933927635028845,1
CUST-0417,35,100.17,One year,DSL,No,Mailed check,3502.72,0,0.02858961332526572,0
CUST-0418,8,53.95,Month-to-month,DSL,No,Credit card,420.02,1,0.128141180941523,0
CUST-0419,26,101.48,Month-to-month,Fiber optic,No,Bank transfer,2640.46,1,0.038418147539618246,0
CUST-0420,34,28.01,One year,Fiber optic,Yes,Bank transfer,956.35,0,0.029257847182326213,0
CUST-0421,7,109.48,Two year,Fiber optic,No,Mailed check,771.95,1,0.14163917459085323,0
CUST-0422,68,74.76,Month-to-month,Fiber optic,Yes,Electronic check,5057.46,0,0.014779201575182963,0
CUST-0423,58,101.73,One year,DSL,No,Mailed check,5887.99,0,0.017274609058599184,0
CUST-0424,29,65.23,Two year,DSL,No,Mailed check,1901.25,0,0.03429097121829413,0
CUST-0425,36,84.36,Month-to-month,Fiber optic,Yes,Mailed check,3027.72,1,0.0278533505903484,0
CUST-0426,21,72.64,Month-to-month,Fiber optic,No,Mailed check,1527.47,1,0.04752464883183837,0
CUST-0427,36,93.16,Month-to-month,DSL,Yes,Credit card,3341.18,1,0.027874022344697175,0
CUST-0428,10,28.16,Month-to-month,No,Yes,Credit card,288.92,1,0.09713024282560706,0
CUST-0429,24,26.04,Month-to-month,Fiber optic,Yes,Electronic check,634.27,1,0.040990445007634546,0
CUST-0430,64,44.71,Two year,Fiber optic,Yes,Mailed check,2868.76,0,0.015579700044603031,0
CUST-0431,49,35.95,One year,DSL,No,Credit card,1771.88,0,0.020277740174179867,0
CUST-0432,36,107.18,One year,Fiber optic,No,Electronic check,3874.12,0,0.027658498317471462,0
CUST-0433,24,41.92,Month-to-month,Fiber optic,Yes,Mailed check,994.34,1,0.04211626177989431,0
CUST-0434,23,117.59,Two year,Fiber optic,No,Bank transfer,2696.68,0,0.043589306366952345,0
CUST-0435,62,53.69,Two year,Fiber optic,No,Credit card,3337.76,0,0.01608082042434916,0
CUST-0436,37,38.21,Two year,No,Yes,Electronic check,1425.07,0,0.0267939161471737,0
CUST-0437,12,98.97,Month-to-month,Fiber optic,No,Bank transfer,1180.9,1,0.08373804890430661,0
CUST-0438,55,85.87,One year,DSL,Yes,Mailed check,4715.41,0,0.01820664446051128,0
CUST-0439,13,69.82,Month-to-month,Fiber optic,No,Mailed check,901.14,1,0.07739375263262907,0
CUST-0440,23,75.54,Month-to-month,Fiber optic,Yes,Mailed check,1721.37,1,0.04385817216974286,0
CUST-0441,30,91.92,Month-to-month,Fiber optic,Yes,Credit card,2744.89,1,0.03347548517966852,0
CUST-0442,17,42.85,One year,DSL,Yes,Electronic check,715.98,0,0.05976456804931797,0
CUST-0443,62,119.63,One year,DSL,No,Bank transfer,7414.12,0,0.016133252057957254,0
CUST-0444,13,117.48,Month-to-month,No,Yes,Electronic check,1529.95,1,0.07673666677553154,0
CUST-0445,59,85.03,Month-to-month,Fiber optic,Yes,Credit card,5021.1,1,0.016931164253997332,0
CUST-0446,19,39.95,Month-to-month,No,Yes,Electronic check,753.96,1,0.052916710819116246,0
CUST-0447,49,88.02,Month-to-month,Fiber optic,No,Credit card,4308.14,1,0.020426349573232708,0
CUST-0448,12,27.22,Month-to-month,Fiber optic,Yes,Mailed check,327.88,1,0.08276575042568718,0
CUST-0449,61,23.07,Month-to-month,Fiber optic,Yes,Bank transfer,1392.31,0,0.016557693549891984,0
CUST-0450,19,45.77,One year,No,Yes,Mailed check,879.22,0,0.051998364045352304,0
CUST-0451,9,66.26,Month-to-month,Fiber optic,Yes,Electronic check,609.19,1,0.1085891279765319,0
CUST-0452,71,106.83,Month-to-month,Fiber optic,No,Mailed check,7578.67,0,0.014094281149443182,0
CUST-0453,28,92.72,Month-to-month,DSL,No,Bank transfer,2592.18,1,0.0357553274358124,0
CUST-0454,52,94.27,Two year,Fiber optic,Yes,Mailed check,4914.47,0,0.01917822710747904,0
CUST-0455,16,62.55,One year,Fiber optic,Yes,Bank transfer,999.57,0,0.06251436681091777,0
CUST-0456,69,54.59,One year,DSL,No,Bank transfer,3772.59,0,0.014466330470453865,0
CUST-0457,12,57.1,Month-to-month,DSL,Yes,Mailed check,684.28,1,0.08332360494980155,0
CUST-0458,25,118.76,One year,DSL,No,Credit card,2984.56,0,0.03977813207572449,0
CUST-0459,52,24.01,Month-to-month,DSL,No,Electronic check,1253.42,0,0.019140319829084356,0
CUST-0460,53,106.7,One year,DSL,No,Credit card,5660.58,0,0.018846329116607025,0
CUST-0461,23,77.87,Two year,Fiber optic,Yes,Credit card,1796.67,0,0.04331718279773262,0
CUST-0462,16,63.86,One year,No,Yes,Mailed check,1016.21,0,0.06277956370857542,0
CUST-0463,57,92.53,Two year,Fiber optic,No,Electronic check,5269.58,0,0.017555942609731756,0
CUST-0464,39,68.67,One year,DSL,Yes,Electronic check,2685.82,0,0.025558094699309964,0
CUST-0465,53,107.34,Month-to-month,DSL,No,Credit card,5690.28,1,0.018860432099633125,0
CUST-0466,42,110.07,Two year,Fiber optic,Yes,Mailed check,4611.16,0,0.023865173801429263,0
CUST-0467,58,62.17,Month-to-month,DSL,No,Electronic check,3624.59,0,0.01714755391536274,0
CUST-0468,39,47.68,One year,No,Yes,Credit card,1869.3,0,0.025493236379190504,0
CUST-0469,14,79.24,Month-to-month,Fiber optic,Yes,Electronic check,1109.74,1,0.0713398275023858,0
CUST-0470,5,111.24,Month-to-month,Fiber optic,Yes,Mailed check,553.46,1,0.20062763770154743,1
CUST-0471,35,41.07,Month-to-month,DSL,No,Mailed check,1439.44,1,0.028512121296270582,0
CUST-0472,18,82.3,Month-to-month,Fiber optic,No,Mailed check,1486.58,1,0.055324755643393966,0
CUST-0473,9,83.16,Month-to-month,DSL,Yes,Electronic check,728.11,1,0.11405686384770473,0
CUST-0474,58,93.31,One year,No,Yes,Bank transfer,5433.1,0,0.01717119670230581,0
CUST-0475,17,33.16,Month-to-month,Fiber optic,No,Electronic check,555.82,1,0.05955245860421679,0
CUST-0476,7,91.58,Month-to-month,DSL,Yes,Bank transfer,641.04,1,0.14263908790729551,0
CUST-0477,46,110.9,One year,DSL,Yes,Mailed check,5101.75,0,0.021733379060310618,0
CUST-0478,13,37.97,Month-to-month,DSL,Yes,Credit card,513.58,1,0.07378833223211162,0
CUST-0479,40,43.75,One year,Fiber optic,Yes,Bank transfer,1749.12,0,0.024998285831828677,0
CUST-0480,42,117.14,One year,DSL,Yes,Mailed check,4935.77,0,0.023728065111398747,0
CUST-0481,9,38.1,Two year,Fiber optic,Yes,Mailed check,346.97,0,0.10949219760324165,0
CUST-0482,50,105.44,One year,DSL,Yes,Bank transfer,5262.38,0,0.02003275461775513,0
CUST-0483,27,69.23,Month-to-month,Fiber optic,Yes,Credit card,1870.56,1,0.036990531962640794,0
CUST-0484,66,44.72,One year,No,Yes,Mailed check,2950.33,0,0.015152490572047178,0
CUST-0485,5,107.07,Month-to-month,Fiber optic,Yes,Bank transfer,524.51,1,0.20374493349317804,1
CUST-0486,29,64.53,Month-to-month,Fiber optic,Yes,Credit card,1874.95,1,0.03439857139049548,0
CUST-0487,37,71.48,One year,DSL,No,Credit card,2644.98,0,0.027014565491802662,0
CUST-0488,38,55.92,Month-to-month,DSL,Yes,Mailed check,2130.52,1,0.026234799579642698,0
CUST-0489,8,79.3,One year,Fiber optic,Yes,Electronic check,636.33,0,0.12442533695259911,0
CUST-0490,65,36.35,Two year,DSL,Yes,Electronic check,2356.24,0,0.015420576606539853,0
CUST-0491,17,59.11,Two year,Fiber optic,Yes,Mailed check,1012.55,0,0.058319767155049086,0
CUST-0492,71,116.94,Two year,DSL,Yes,Credit card,8296.5,0,0.014093401626996084,0
CUST-0493,45,45.81,Month-to-month,DSL,Yes,Mailed check,2030.45,0,0.022550395038027027,0
CUST-0494,4,85.67,Month-to-month,DSL,No,Bank transfer,343.97,1,0.24834043540017972,1
CUST-0495,36,52.52,One year,No,Yes,Electronic check,1885.18,0,0.027844638369614778,0
CUST-0496,70,97.35,Month-to-month,DSL,No,Bank transfer,6818.32,0,0.01427561692368154,0
CUST-0497,31,33.09,One year,Fiber optic,Yes,Mailed check,1045.78,0,0.031611226809835885,0
CUST-0498,19,116.98,One year,DSL,Yes,Mailed check,2242.9,1,0.05213244797005214,0
CUST-0499,61,65.38,One year,Fiber optic,Yes,Credit card,3986.53,0,0.016396114888163848,0
CUST-0500,54,43.61,Month-to-month,DSL,Yes,Credit card,2346.67,0,0.01857586458062675,0
CUST-0501,39,27.35,Month-to-month,No,Yes,Credit card,1072.5,0,0.025477410340009318,0
CUST-0502,19,36.98,Month-to-month,No,No,Bank transfer,698.92,1,0.052834609669676534,0
CUST-0503,39,71.98,Month-to-month,DSL,Yes,Credit card,2811.14,1,0.02559616519803424,0
CUST-0504,67,53.7,Two year,No,No,Mailed check,3591.29,0,0.014948681760102889,0
CUST-0505,45,102.89,Month-to-month,No,No,Credit card,4632.56,1,0.022205388513367688,0
CUST-0506,13,63.09,Month-to-month,No,Yes,Electronic check,812.05,1,0.07759670376975586,0
CUST-0507,58,44.87,Month-to-month,No,Yes,Credit card,2614.3,0,0.01715673154131457,0
CUST-0508,20,81.71,One year,DSL,Yes,Bank transfer,1628.3,0,0.05015037132510894,0
CUST-0509,61,90.68,One year,Fiber optic,Yes,Electronic check,5538.09,0,0.016370920133090456,0
CUST-0510,39,36.7,Month-to-month,DSL,Yes,Electronic check,1418.65,1,0.025851442256894307,0
CUST-0511,1,36.76,Month-to-month,DSL,Yes,Electronic check,44.57,1,0.8066710555189818,1
CUST-0512,3,23.67,Month-to-month,No,Yes,Bank transfer,61.35,1,0.37963111467522054,1
CUST-0513,62,93.64,Month-to-month,DSL,Yes,Mailed check,5808.29,1,0.016119009379803727,0
CUST-0514,63,86.38,One year,Fiber optic,No,Credit card,5452.17,0,0.015840327735977423,0
CUST-0515,25,67.46,One year,No,No,Electronic check,1684.5,0,0.04002373183031741,0
CUST-0516,56,104.42,Month-to-month,No,No,Electronic check,5837.23,1,0.017885557780354663,0
CUST-0517,33,100.57,Month-to-month,No,Yes,Electronic check,3323.78,1,0.03024861795366911,0
CUST-0518,38,78.54,Two year,DSL,Yes,Mailed check,2976.11,0,0.026381289236877374,0
CUST-0519,6,106.83,Month-to-month,DSL,Yes,Mailed check,636.94,1,0.1674608897388469,1
CUST-0520,58,40.58,One year,Fiber optic,Yes,Bank transfer,2356.29,0,0.017214682962215084,0
CUST-0521,44,31.19,Month-to-month,DSL,Yes,Mailed check,1385.97,0,0.02248786924014218,0
CUST-0522,45,46.97,Month-to-month,DSL,No,Credit card,2113.92,0,0.022208877877177385,0
CUST-0523,32,25.71,Month-to-month,DSL,No,Bank transfer,822.95,1,0.03120334971782268,0
CUST-0524,45,73.12,One year,Fiber optic,Yes,Bank transfer,3297.78,0,0.02216577037571466,0
CUST-0525,61,113.66,Two year,Fiber optic,Yes,Credit card,6933.76,0,0.01638989669433405,0
CUST-0526,47,23.93,Month-to-month,DSL,Yes,Credit card,1131.07,0,0.021138268834966036,0
CUST-0527,21,32.21,Month-to-month,Fiber optic,Yes,Credit card,687.2,1,0.046803254867770996,0
CUST-0528,36,65.22,Month-to-month,DSL,Yes,Bank transfer,2344.64,1,0.02780477822683788,0
CUST-0529,19,113.39,Month-to-month,DSL,Yes,Bank transfer,2121.66,1,0.05341882355158151,0
CUST-0530,20,51.62,Month-to-month,Fiber optic,Yes,Bank transfer,1024.22,1,0.05035016874426952,0
CUST-0531,57,70.72,Month-to-month,Fiber optic,No,Credit card,4043.13,0,0.017487073857665306,0
CUST-0532,18,24.16,One year,Fiber optic,Yes,Credit card,434.54,0,0.055471368875419015,0
CUST-0533,47,34.83,Month-to-month,DSL,No,Electronic check,1633.62,0,0.021307704542951878,0
CUST-0534,49,118.66,Month-to-month,No,Yes,Mailed check,5826.01,1,0.020363788632592014,0
CUST-0535,14,116.51,Two year,Fiber optic,Yes,Electronic check,1630.13,1,0.07142900933708533,0
CUST-0536,15,20.49,Month-to-month,Fiber optic,Yes,Credit card,286.42,1,0.0712894022684573,0
CUST-0537,31,115.18,Two year,Fiber optic,Yes,Bank transfer,3555.53,0,0.03238549934908464,0
CUST-0538,1,83.91,Month-to-month,No,Yes,Credit card,88.1,1,0.9417508417508418,1
CUST-0539,54,106.79,Two year,Fiber optic,No,Mailed check,5765.99,0,0.018517458847683108,0
CUST-0540,3,65.47,One year,Fiber optic,No,Electronic check,210.96,0,0.30887903377995846,1
CUST-0541,16,71.56,Two year,No,Yes,Electronic check,1137.63,0,0.06284745703169597,0
CUST-0542,57,68.88,Two year,Fiber optic,Yes,Bank transfer,3923.06,0,0.01755324842127796,0
CUST-0543,12,86.69,Month-to-month,Fiber optic,No,Electronic check,1031.43,1,0.08396695175459837,0
CUST-0544,16,33.97,Two year,Fiber optic,Yes,Electronic check,538.31,0,0.06298789193599229,0
CUST-0545,24,23.0,Month-to-month,DSL,Yes,Credit card,533.08,1,0.04306470940683044,0
CUST-0546,28,50.79,Month-to-month,DSL,Yes,Electronic check,1418.26,1,0.035786254808844044,0
CUST-0547,8,90.47,Month-to-month,Fiber optic,No,Electronic check,723.24,1,0.12491715453440848,0
CUST-0548,36,40.19,One year,No,No,Electronic check,1445.48,0,0.027784691112217243,0
CUST-0549,8,87.34,Month-to-month,No,Yes,Bank transfer,720.22,1,0.1211003577271845,0
CUST-0550,58,116.99,One year,DSL,No,Bank transfer,6803.75,0,0.01719240236599434,0
CUST-0551,60,29.39,One year,Fiber optic,No,Credit card,1755.89,0,0.016728423521108322,0
CUST-0552,50,87.26,One year,DSL,Yes,Electronic check,4342.56,0,0.02008951182900662,0
CUST-0553,28,64.38,Two year,No,Yes,Bank transfer,1801.65,0,0.03571408759326546,0
CUST-0554,41,106.81,Month-to-month,No,Yes,Bank transfer,4382.98,1,0.024363706038804923,0
CUST-0555,64,37.71,Month-to-month,Fiber optic,No,Credit card,2404.84,0,0.015674359059621588,0
CUST-0556,27,89.26,Month-to-month,No,Yes,Mailed check,2401.91,1,0.03714662638217828,0
CUST-0557,63,103.81,Month-to-month,Fiber optic,No,Electronic check,6555.86,1,0.0158322733747556,0
CUST-0558,17,114.46,Month-to-month,Fiber optic,Yes,Bank transfer,1943.24,1,0.058871332757272764,0
CUST-0559,33,88.32,Month-to-month,DSL,No,Credit card,2921.18,1,0.03022401084122128,0
CUST-0560,29,69.72,Month-to-month,Fiber optic,Yes,Credit card,2012.58,1,0.03462489694971146,0
CUST-0561,13,81.78,Two year,Fiber optic,Yes,Credit card,1062.57,0,0.07689197702078848,0
CUST-0562,46,106.89,One year,Fiber optic,No,Bank transfer,4913.58,0,0.02174956964786411,0
CUST-0563,35,77.06,Month-to-month,DSL,No,Electronic check,2690.35,1,0.028632470693146565,0
CUST-0564,6,23.04,One year,No,No,Mailed check,149.79,0,0.15279527820147226,1
CUST-0565,69,113.09,Month-to-month,DSL,Yes,Electronic check,7789.32,1,0.014516733587323756,0
CUST-0566,47,88.95,Month-to-month,Fiber optic,No,Credit card,4183.65,1,0.02125625799051295,0
CUST-0567,25,87.65,One year,Fiber optic,Yes,Credit card,2187.7,0,0.04004660300635081,0
CUST-0568,66,41.57,Month-to-month,Fiber optic,Yes,Mailed check,2747.77,0,0.01512312779897918,0
CUST-0569,10,85.89,Month-to-month,Fiber optic,Yes,Electronic check,855.48,1,0.10028255184008966,0
CUST-0570,56,59.39,Two year,DSL,Yes,Credit card,3334.51,0,0.017805373091371333,0
CUST-0571,30,85.12,Two year,DSL,Yes,Credit card,2544.2,0,0.033443344334433446,0
CUST-0572,5,30.66,One year,Fiber optic,No,Electronic check,164.88,0,0.18483240897034,1
CUST-0573,33,85.78,One year,Fiber optic,Yes,Credit card,2830.45,0,0.03029543166928606,0
CUST-0574,65,119.94,One year,DSL,No,Electronic check,7782.81,0,0.015408906435280407,0
CUST-0575,18,24.82,Month-to-month,Fiber optic,Yes,Credit card,453.56,1,0.054602252727912706,0
CUST-0576,49,117.72,Month-to-month,Fiber optic,Yes,Electronic check,5766.29,1,0.02041166648460542,0
CUST-0577,11,60.69,Month-to-month,Fiber optic,Yes,Mailed check,650.51,1,0.09315282958051296,0
CUST-0578,26,107.08,Month-to-month,No,No,Credit card,2787.4,1,0.03840195093960694,0
CUST-0579,63,98.24,One year,DSL,No,Mailed check,6199.19,0,0.01584467572767931,0
CUST-0580,59,76.7,Month-to-month,DSL,No,Credit card,4538.12,0,0.016897548423482966,0
CUST-0581,27,93.84,Two year,Fiber optic,No,Credit card,2529.9,0,0.037077719388359874,0
CUST-0582,49,107.85,Two year,Fiber optic,Yes,Bank transfer,5286.1,0,0.020398706285109036,0
CUST-0583,33,60.41,One year,Fiber optic,Yes,Electronic check,1994.04,0,0.03028009463469404,0
CUST-0584,1,52.7,One year,No,No,Mailed check,67.6,0,0.7682215743440234,1
CUST-0585,21,86.76,Two year,No,Yes,Mailed check,1813.86,0,0.04780534035683194,0
CUST-0586,55,100.78,Month-to-month,No,Yes,Mailed check,5538.25,1,0.018193798799476465,0
CUST-0587,6,96.23,One year,Fiber optic,Yes,Electronic check,569.03,1,0.16881567636791048,1
CUST-0588,69,99.78,Month-to-month,Fiber optic,Yes,Bank transfer,6870.33,0,0.01452120622936171,0
CUST-0589,5,63.56,One year,Fiber optic,Yes,Mailed check,320.28,0,0.19783366533864544,1
CUST-0590,3,101.78,Month-to-month,DSL,Yes,Electronic check,321.35,1,0.31574375678610206,1
CUST-0591,53,32.02,Two year,Fiber optic,Yes,Credit card,1695.08,0,0.01887882647044951,0
CUST-0592,23,74.45,Two year,DSL,Yes,Mailed check,1703.53,0,0.043677729344746064,0
CUST-0593,53,20.58,Month-to-month,No,Yes,Mailed check,1092.61,0,0.01881840875632081,0
CUST-0594,37,52.46,Month-to-month,Fiber optic,Yes,Bank transfer,1946.91,1,0.026931429070131577,0
CUST-0595,17,56.65,Two year,Fiber optic,No,Mailed check,961.49,0,0.05885775436627913,0
CUST-0596,1,59.62,Month-to-month,DSL,Yes,Mailed check,73.66,1,0.7985534422716314,1
CUST-0597,51,89.55,Two year,DSL,Yes,Credit card,4558.93,0,0.01963845936231477,0
CUST-0598,45,58.86,One year,DSL,No,Electronic check,2645.83,0,0.0222379223448427,0
CUST-0599,4,64.87,Month-to-month,Fiber optic,Yes,Electronic check,262.44,1,0.24624202854539934,1
CUST-0600,62,43.75,Month-to-month,DSL,Yes,Bank transfer,2716.43,0,0.016099770739264673,0
CUST-0601,65,57.33,Month-to-month,Fiber optic,No,Credit card,3726.92,0,0.015378548895899053,0
CUST-0602,32,42.73,One year,No,Yes,Electronic check,1354.58,0,0.03152156272591806,0
CUST-0603,34,27.32,Month-to-month,No,No,Credit card,952.26,1,0.02865954723789942,0
CUST-0604,39,80.34,One year,Fiber optic,No,Electronic check,3130.9,0,0.02565216003065232,0
CUST-0605,26,86.82,Month-to-month,DSL,No,Credit card,2258.42,1,0.03842579068964601,0
CUST-0606,34,81.95,One year,No,Yes,Bank transfer,2792.47,0,0.029336273523610422,0
CUST-0607,54,66.35,Two year,No,Yes,Mailed check,3576.53,0,0.018546315474643117,0
CUST-0608,3,57.98,Two year,DSL,Yes,Bank transfer,174.51,0,0.3303515469204034,1
CUST-0609,50,106.33,Month-to-month,Fiber optic,Yes,Electronic check,5309.73,1,0.02002172959273019,0
CUST-0610,12,71.91,Two year,DSL,Yes,Bank transfer,867.08,0,0.08283798728227812,0
CUST-0611,65,67.92,One year,No,Yes,Mailed check,4412.04,0,0.015390751046897378,0
CUST-0612,54,22.56,One year,No,Yes,Bank transfer,1220.93,0,0.018462596057057277,0
CUST-0613,5,54.12,Two year,DSL,Yes,Electronic check,260.13,0,0.20725309232949105,1
CUST-0614,57,58.02,Month-to-month,No,Yes,Electronic check,3298.85,0,0.017582617391699622,0
CUST-0615,17,59.88,Month-to-month,Fiber optic,Yes,Bank transfer,1004.31,1,0.05956371666451145,0
CUST-0616,47,78.02,Two year,No,No,Mailed check,3659.83,0,0.021312106817306456,0
CUST-0617,23,73.36,Month-to-month,Fiber optic,Yes,Bank transfer,1661.54,1,0.04412525412922396,0
CUST-0618,14,80.79,Two year,No,Yes,Mailed check,1127.99,0,0.07155953551404354,0
CUST-0619,66,96.49,Two year,DSL,No,Credit card,6363.0,0,0.015161847894406033,0
CUST-0620,51,101.3,Month-to-month,DSL,Yes,Mailed check,5167.81,1,0.019598321470512554,0
CUST-0621,38,91.81,Two year,DSL,Yes,Credit card,3489.23,0,0.026304856699988253,0
CUST-0622,64,115.55,Month-to-month,No,Yes,Bank transfer,7407.77,1,0.015596381045706641,0
CUST-0623,38,21.82,One year,No,No,Mailed check,855.1,0,0.02548767667328583,0
CUST-0624,50,39.58,One year,No,Yes,Credit card,1990.38,0,0.019875664112324117,0
CUST-0625,30,20.76,Two year,No,Yes,Credit card,618.27,0,0.03352334199945097,0
CUST-0626,51,84.75,Month-to-month,DSL,Yes,Credit card,4317.32,1,0.019625687767465125,0
CUST-0627,63,109.8,Month-to-month,DSL,No,Electronic check,6926.09,1,0.01585081181275254,0
CUST-0628,52,44.35,One year,DSL,Yes,Bank transfer,2289.37,0,0.019363683596973415,0
CUST-0629,38,112.7,One year,DSL,Yes,Credit card,4279.45,0,0.02632900746416849,0
CUST-0630,30,26.03,One year,DSL,No,Mailed check,778.52,0,0.033392344006568146,0
CUST-0631,51,113.44,Month-to-month,Fiber optic,Yes,Credit card,5791.28,1,0.019584688585496557,0
CUST-0632,5,55.16,Month-to-month,DSL,No,Electronic check,281.94,1,0.1949529935675408,1
CUST-0633,29,30.14,Month-to-month,DSL,Yes,Bank transfer,866.61,1,0.03473911089083805,0
CUST-0634,4,68.59,Two year,DSL,No,Electronic check,270.22,0,0.2528943293267458,1
CUST-0635,10,45.68,Month-to-month,DSL,Yes,Electronic check,461.25,1,0.0988209843158464,0
CUST-0636,56,48.49,Month-to-month,No,No,Electronic check,2707.45,0,0.017903228783990845,0
CUST-0637,17,50.73,Two year,Fiber optic,No,Mailed check,874.47,0,0.05794601756770648,0
CUST-0638,17,100.3,Month-to-month,No,Yes,Bank transfer,1711.19,1,0.05857994731893072,0
CUST-0639,69,73.92,Two year,Fiber optic,Yes,Bank transfer,5102.2,0,0.01448502900141088,0
CUST-0640,34,51.13,One year,DSL,Yes,Mailed check,1742.33,0,0.02932892797118159,0
CUST-0641,6,81.03,Two year,Fiber optic,Yes,Bank transfer,481.51,0,0.16793434332967194,1
CUST-0642,53,91.62,Month-to-month,DSL,Yes,Electronic check,4849.6,1,0.01888838494206902,0
CUST-0643,66,47.26,Month-to-month,DSL,Yes,Bank transfer,3114.91,0,0.015167318696624741,0
CUST-0644,43,61.35,One year,DSL,Yes,Mailed check,2643.05,0,0.02320304078969762,0
CUST-0645,23,32.19,Two year,DSL,Yes,Electronic check,742.38,0,0.043302214210767034,0
CUST-0646,55,38.11,One year,DSL,Yes,Mailed check,2091.82,0,0.01820987949274185,0
CUST-0647,16,88.11,Month-to-month,DSL,No,Credit card,1417.26,1,0.06212542129087755,0
CUST-0648,8,38.14,One year,Fiber optic,Yes,Electronic check,303.38,0,0.12530389644523293,0
CUST-0649,4,72.52,One year,DSL,Yes,Electronic check,283.15,0,0.2552173147985219,1
CUST-0650,4,90.9,One year,DSL,Yes,Bank transfer,366.14,1,0.24758947540447787,1
CUST-0651,56,30.69,One year,No,Yes,Electronic check,1708.51,0,0.017952512708319927,0
CUST-0652,25,76.73,Two year,DSL,Yes,Mailed check,1901.38,0,0.040333687275938564,0
CUST-0653,67,45.66,One year,DSL,Yes,Bank transfer,3059.17,0,0.014920739697467785,0
CUST-0654,67,116.29,Month-to-month,No,Yes,Credit card,7784.86,1,0.014936050738132976,0
CUST-0655,27,68.35,Month-to-month,DSL,No,Mailed check,1842.91,1,0.03706796969483326,0
CUST-0656,32,100.6,Month-to-month,DSL,Yes,Credit card,3209.53,1,0.03133439027201116,0
CUST-0657,50,75.02,Month-to-month,Fiber optic,No,Credit card,3763.09,1,0.019930447996726962,0
CUST-0658,61,24.34,Month-to-month,DSL,No,Credit card,1478.13,0,0.016455619181545908,0
CUST-0659,51,83.32,Month-to-month,Fiber optic,No,Electronic check,4245.0,1,0.01962317475270843,0
CUST-0660,19,115.14,Month-to-month,No,No,Mailed check,2191.44,1,0.05251683056320811,0
CUST-0661,21,80.16,Month-to-month,DSL,Yes,Mailed check,1669.59,1,0.047983047905231085,0
CUST-0662,5,101.92,Two year,Fiber optic,Yes,Electronic check,495.09,1,0.20544659235219417,1
CUST-0663,42,108.42,Two year,Fiber optic,No,Bank transfer,4557.45,0,0.023784400399258523,0
CUST-0664,61,42.81,Month-to-month,DSL,Yes,Credit card,2606.96,0,0.016415129066396725,0
CUST-0665,22,41.2,Two year,Fiber optic,Yes,Mailed check,897.39,0,0.045859815892875036,0
CUST-0666,21,81.1,One year,DSL,No,Electronic check,1709.13,0,0.047423295305035286,0
CUST-0667,70,61.1,Month-to-month,Fiber optic,No,Credit card,4268.88,0,0.01430953563097792,0
CUST-0668,1,103.99,Month-to-month,DSL,No,Bank transfer,101.24,1,1.0171165884194053,1
CUST-0669,5,110.0,One year,Fiber optic,No,Bank transfer,541.04,1,0.2029370526160431,1
CUST-0670,12,55.34,One year,DSL,No,Credit card,667.11,0,0.08283067159599468,0
CUST-0671,46,43.69,One year,No,Yes,Bank transfer,2023.06,0,0.02158532849816705,0
CUST-0672,34,98.05,Month-to-month,DSL,No,Mailed check,3315.09,1,0.029567955031377314,0
CUST-0673,49,47.48,Month-to-month,Fiber optic,Yes,Mailed check,2327.65,0,0.020389496059948897,0
CUST-0674,45,102.26,Month-to-month,Fiber optic,Yes,Mailed check,4610.27,1,0.022176103329451538,0
CUST-0675,27,62.37,Month-to-month,Fiber optic,No,Bank transfer,1679.78,1,0.03710777139185378,0
CUST-0676,26,86.75,Month-to-month,Fiber optic,Yes,Mailed check,2244.19,1,0.03863815534542733,0
CUST-0677,47,29.55,Month-to-month,Fiber optic,Yes,Electronic check,1393.06,0,0.02119707903533564,0
CUST-0678,56,82.39,Two year,Fiber optic,Yes,Mailed check,4623.86,0,0.0178145933066082,0
CUST-0679,63,65.18,Two year,No,No,Mailed check,4115.25,0,0.01583480109322806,0
CUST-0680,48,78.66,Month-to-month,DSL,Yes,Bank transfer,3779.34,1,0.02080765222175783,0
CUST-0681,61,36.8,Two year,Fiber optic,No,Mailed check,2245.78,0,0.01637899571831688,0
CUST-0682,26,93.69,Month-to-month,No,Yes,Credit card,2426.95,1,0.038588109310323526,0
CUST-0683,36,106.28,Month-to-month,No,No,Electronic check,3834.73,1,0.027707893934140308,0
CUST-0684,1,41.67,Month-to-month,No,No,Bank transfer,49.77,1,0.8207602915107347,1
CUST-0685,8,29.57,One year,DSL,Yes,Electronic check,225.18,0,0.13073658148377398,0
CUST-0686,52,22.36,Two year,DSL,Yes,Credit card,1166.36,0,0.019154331140350877,0
CUST-0687,47,84.2,One year,Fiber optic,Yes,Bank transfer,3963.93,0,0.02123618828075149,0
CUST-0688,56,80.71,Month-to-month,Fiber optic,No,Bank transfer,4528.58,1,0.017818429081725016,0
CUST-0689,14,74.67,One year,Fiber optic,No,Mailed check,1044.63,0,0.07141149354934345,0
CUST-0690,28,43.19,Month-to-month,Fiber optic,No,Electronic check,1200.74,1,0.035939554312912944,0
CUST-0691,2,59.09,Two year,No,Yes,Credit card,113.16,0,0.5176068675543097,1
CUST-0692,26,79.45,One year,DSL,No,Credit card,2055.63,0,0.038631158740269275,0
CUST-0693,14,69.68,Month-to-month,No,No,Bank transfer,975.01,1,0.07139271114025472,0
CUST-0694,59,118.78,One year,Fiber optic,No,Mailed check,7005.55,0,0.016952708537011797,0
CUST-0695,56,33.64,One year,DSL,No,Bank transfer,1905.29,0,0.017646842820347376,0
CUST-0696,7,89.51,Month-to-month,Fiber optic,Yes,Bank transfer,635.52,1,0.14062401809841013,0
CUST-0697,3,60.43,One year,Fiber optic,Yes,Bank transfer,190.99,0,0.3147559768737955,1
CUST-0698,23,62.82,Month-to-month,DSL,No,Bank transfer,1449.57,1,0.04330711375528241,0
CUST-0699,18,91.76,One year,DSL,No,Credit card,1648.01,0,0.05564550851723155,0
CUST-0700,38,89.24,Two year,No,Yes,Credit card,3388.37,0,0.026329376845844507,0
CUST-0701,15,119.13,Two year,DSL,Yes,Bank transfer,1785.11,1,0.06669801971883031,0
CUST-0702,64,32.84,One year,Fiber optic,Yes,Bank transfer,2103.64,0,0.015603618671126656,0
CUST-0703,28,30.41,One year,Fiber optic,Yes,Mailed check,855.37,0,0.03551035183390357,0
CUST-0704,39,92.43,Month-to-month,Fiber optic,Yes,Bank transfer,3604.78,1,0.02563384344025426,0
CUST-0705,57,77.84,One year,Fiber optic,No,Credit card,4433.97,0,0.017551415229415307,0
CUST-0706,17,47.42,Month-to-month,DSL,No,Electronic check,800.2,1,0.0591862206689965,0
CUST-0707,44,27.94,Month-to-month,Fiber optic,Yes,Credit card,1215.43,0,0.022968851475218467,0
CUST-0708,25,28.57,Month-to-month,DSL,Yes,Mailed check,727.08,1,0.03924019338534227,0
CUST-0709,17,109.42,Month-to-month,Fiber optic,Yes,Credit card,1882.2,1,0.05810322854715378,0
CUST-0710,13,39.19,One year,DSL,Yes,Electronic check,521.46,0,0.07501052712169352,0
CUST-0711,25,52.34,Month-to-month,Fiber optic,No,Bank transfer,1295.91,1,0.040357465051545596,0
CUST-0712,68,42.67,One year,DSL,No,Electronic check,2909.43,0,0.014661063829056189,0
CUST-0713,10,55.5,Month-to-month,DSL,Yes,Bank transfer,565.24,1,0.09801497598191579,0
CUST-0714,67,26.94,Month-to-month,DSL,No,Bank transfer,1800.95,0,0.014950470323815867,0
CUST-0715,18,71.91,One year,DSL,No,Credit card,1299.27,0,0.055303898421097154,0
CUST-0716,34,26.76,Month-to-month,No,No,Credit card,905.28,1,0.02952729840667344,0
CUST-0717,8,100.04,Month-to-month,DSL,Yes,Credit card,815.61,1,0.12250645963189283,0
CUST-0718,40,43.37,One year,No,No,Mailed check,1738.45,0,0.02493316853028256,0
CUST-0719,42,74.0,Month-to-month,No,Yes,Credit card,3098.83,1,0.02387227686679592,0
CUST-0720,41,108.01,Two year,Fiber optic,Yes,Mailed check,4435.11,0,0.02434790841525571,0
CUST-0721,6,85.09,Month-to-month,DSL,Yes,Credit card,521.13,1,0.1629670771646908,1
CUST-0722,52,73.3,Month-to-month,DSL,Yes,Bank transfer,3813.58,1,0.01921574590125256,0
CUST-0723,26,52.43,One year,Fiber optic,Yes,Mailed check,1367.97,0,0.03829886703141778,0
CUST-0724,64,53.3,Month-to-month,DSL,Yes,Electronic check,3410.5,0,0.015623625970980506,0
CUST-0725,59,86.95,Month-to-month,DSL,Yes,Mailed check,5118.71,1,0.016983383824474434,0
CUST-0726,56,119.41,Month-to-month,Fiber optic,No,Mailed check,6685.44,1,0.017858531595288375,0
CUST-0727,59,86.18,Month-to-month,No,No,Electronic check,5089.85,1,0.01692841077619651,0
CUST-0728,70,75.78,Two year,Fiber optic,Yes,Mailed check,5303.32,0,0.014286468388030889,0
CUST-0729,33,93.07,Month-to-month,DSL,No,Bank transfer,3079.32,1,0.03021439330978599,0
CUST-0730,53,66.52,One year,Fiber optic,No,Credit card,3521.64,0,0.018883564599277813,0
CUST-0731,22,26.01,Two year,DSL,No,Electronic check,568.95,0,0.04563558206860251,0
CUST-0732,21,76.23,Month-to-month,DSL,Yes,Credit card,1609.14,1,0.04734370924267455,0
CUST-0733,70,115.76,Two year,No,No,Bank transfer,8105.42,0,0.014280039770946978,0
CUST-0734,70,37.53,Month-to-month,DSL,No,Electronic check,2622.98,0,0.014302700477899985,0
CUST-0735,4,89.0,Two year,DSL,No,Credit card,366.34,1,0.24228235422224645,1
CUST-0736,62,40.09,Month-to-month,DSL,Yes,Credit card,2478.69,0,0.016167343498582485,0
CUST-0737,62,73.58,One year,No,Yes,Bank transfer,4554.69,0,0.016151230658802508,0
CUST-0738,24,29.67,Month-to-month,Fiber optic,No,Credit card,683.79,1,0.04332715138947707,0
CUST-0739,55,65.04,Month-to-month,Fiber optic,Yes,Bank transfer,3571.66,0,0.018204922942569403,0
CUST-0740,9,95.62,One year,Fiber optic,Yes,Mailed check,873.67,1,0.10932122972092333,0
CUST-0741,3,54.76,One year,DSL,Yes,Bank transfer,143.56,0,0.37880464858882124,1
CUST-0742,31,86.49,Month-to-month,Fiber optic,No,Mailed check,2671.67,1,0.032360897529436855,0
CUST-0743,40,99.54,Month-to-month,DSL,No,Electronic check,3985.99,1,0.02496620257387152,0
CUST-0744,36,112.72,One year,DSL,Yes,Credit card,4035.47,0,0.027925390254355913,0
CUST-0745,24,43.46,One year,Fiber optic,No,Bank transfer,1037.93,0,0.041831499716054016,0
CUST-0746,6,59.93,Two year,No,Yes,Bank transfer,370.99,0,0.1611064813570257,1
CUST-0747,66,35.24,One year,DSL,No,Credit card,2346.27,0,0.015013185530424708,0
CUST-0748,4,119.25,Two year,DSL,No,Credit card,479.9,1,0.24797255146600125,1
CUST-0749,6,112.7,One year,DSL,No,Electronic check,666.94,1,0.16872773003563193,1
CUST-0750,51,74.0,Month-to-month,DSL,No,Electronic check,3764.4,1,0.0196526265469804,0
CUST-0751,62,104.2,Month-to-month,No,Yes,Bank transfer,6461.85,1,0.016122917907734204,0
CUST-0752,57,72.1,One year,Fiber optic,No,Electronic check,4112.51,0,0.017527610240402964,0
CUST-0753,66,82.36,One year,Fiber optic,Yes,Mailed check,5454.34,0,0.015097134184120512,0
CUST-0754,8,28.91,Month-to-month,Fiber optic,No,Electronic check,240.99,1,0.11946774660109921,0
CUST-0755,26,95.53,Month-to-month,DSL,No,Electronic check,2484.62,1,0.038433067001392006,0
CUST-0756,51,32.77,Two year,Fiber optic,No,Bank transfer,1667.92,0,0.01963545286772284,0
CUST-0757,45,102.61,One year,Fiber optic,Yes,Mailed check,4647.6,0,0.022073312395129715,0
CUST-0758,44,98.2,Month-to-month,Fiber optic,No,Electronic check,4327.07,1,0.02268909698780288,0
CUST-0759,5,90.87,Month-to-month,No,Yes,Mailed check,447.66,1,0.20253644184906164,1
CUST-0760,70,23.62,Month-to-month,Fiber optic,Yes,Mailed check,1651.15,0,0.014296522712828738,0
CUST-0761,26,50.31,Month-to-month,DSL,No,Mailed check,1299.29,1,0.038691368848487645,0
CUST-0762,68,46.31,Month-to-month,No,Yes,Credit card,3125.03,0,0.014814317201050534,0
CUST-0763,19,56.01,Month-to-month,DSL,No,Credit card,1067.32,1,0.052428111427287705,0
CUST-0764,20,28.76,One year,DSL,Yes,Credit card,593.02,0,0.04841587825325747,0
CUST-0765,12,113.7,Month-to-month,DSL,Yes,Credit card,1348.09,1,0.0842790325330408,0
CUST-0766,47,75.38,Two year,DSL,No,Bank transfer,3543.41,0,0.02126729131223532,0
CUST-0767,1,50.55,Two year,Fiber optic,Yes,Electronic check,43.48,0,1.1364658273381296,1
CUST-0768,14,59.7,Month-to-month,Fiber optic,Yes,Credit card,841.02,1,0.07090092871903281,0
CUST-0769,64,64.72,One year,No,No,Bank transfer,4140.36,0,0.01562771649892789,0
CUST-0770,38,80.06,Month-to-month,Fiber optic,Yes,Electronic check,3028.68,1,0.02642523302791054,0
CUST-0771,37,71.57,Two year,Fiber optic,No,Credit card,2638.28,0,0.0271172440968749,0
CUST-0772,11,111.94,Month-to-month,DSL,Yes,Electronic check,1223.04,1,0.09145125976275285,0
CUST-0773,3,69.7,One year,DSL,No,Credit card,222.54,0,0.3118010199516865,1
CUST-0774,33,119.22,One year,Fiber optic,No,Bank transfer,3947.19,0,0.030196115181893475,0
CUST-0775,6,105.14,Month-to-month,Fiber optic,No,Mailed check,627.73,1,0.16722599526028661,1
CUST-0776,50,40.85,Month-to-month,No,Yes,Mailed check,2054.78,0,0.019870803296072537,0
CUST-0777,10,113.06,One year,DSL,No,Electronic check,1128.87,1,0.10006460920282866,0
CUST-0778,5,31.64,One year,DSL,No,Bank transfer,154.93,0,0.20291156288077983,1
CUST-0779,23,101.74,Month-to-month,Fiber optic,No,Mailed check,2340.59,1,0.04344910936585824,0
CUST-0780,10,58.06,One year,DSL,Yes,Credit card,583.45,0,0.09934126101462913,0
CUST-0781,44,107.8,Month-to-month,DSL,No,Mailed check,4737.65,1,0.022749095206440653,0
CUST-0782,2,106.81,One year,Fiber optic,No,Electronic check,213.84,1,0.49716067771364736,1
CUST-0783,13,100.59,Month-to-month,DSL,Yes,Electronic check,1315.54,1,0.07640481869141842,0
CUST-0784,40,99.0,Two year,Fiber optic,Yes,Bank transfer,3961.3,0,0.024985488226535093,0
CUST-0785,2,50.47,Month-to-month,DSL,No,Electronic check,101.37,1,0.49301553189410957,1
CUST-0786,65,28.09,Month-to-month,DSL,Yes,Mailed check,1830.79,0,0.015334727234017,0
CUST-0787,63,60.3,Month-to-month,DSL,No,Mailed check,3805.57,0,0.015841032740761367,0
CUST-0788,17,37.35,Month-to-month,No,No,Mailed check,634.32,1,0.05878927154819618,0
CUST-0789,9,89.5,One year,DSL,No,Mailed check,800.76,1,0.11162941528636999,0
CUST-0790,15,54.61,Month-to-month,Fiber optic,Yes,Bank transfer,821.04,1,0.06643229039949394,0
CUST-0791,24,117.56,Two year,DSL,Yes,Credit card,2805.5,0,0.041888473187243896,0
CUST-0792,38,84.1,Month-to-month,Fiber optic,No,Credit card,3193.7,1,0.026324850533696435,0
CUST-0793,35,102.25,Month-to-month,DSL,Yes,Bank transfer,3554.03,1,0.02876206389256912,0
CUST-0794,49,33.25,Month-to-month,Fiber optic,No,Electronic check,1612.49,0,0.02060750299041209,0
CUST-0795,69,106.2,Month-to-month,Fiber optic,Yes,Credit card,7309.54,1,0.014526970647859119,0
CUST-0796,62,112.28,Month-to-month,No,Yes,Electronic check,6971.83,1,0.01610250070631293,0
CUST-0797,60,68.71,Month-to-month,DSL,Yes,Credit card,4122.74,0,0.01666205919868857,0
CUST-0798,50,80.63,Month-to-month,DSL,Yes,Electronic check,4018.88,1,0.020057812671025004,0
CUST-0799,9,96.48,Month-to-month,DSL,No,Bank transfer,873.23,1,0.11035997391990666,0
CUST-0800,34,37.48,One year,No,Yes,Mailed check,1284.21,0,0.029162549311007535,0
CUST-0801,35,70.26,One year,Fiber optic,Yes,Electronic check,2464.18,0,0.02850096139024331,0
CUST-0802,1,59.87,Month-to-month,Fiber optic,Yes,Mailed check,57.98,1,1.0150898609698202,1
CUST-0803,40,34.64,Month-to-month,DSL,Yes,Electronic check,1387.92,0,0.024940241338594016,0
CUST-0804,64,56.75,Two year,DSL,Yes,Electronic check,3641.01,0,0.015582054964154409,0
CUST-0805,22,26.82,One year,DSL,No,Electronic check,585.35,0,0.04574059861857253,0
CUST-0806,60,22.58,One year,No,Yes,Electronic check,1355.1,0,0.0166506894771772,0
CUST-0807,64,33.52,Month-to-month,Fiber optic,Yes,Electronic check,2142.71,0,0.01563644336220851,0
CUST-0808,11,116.31,One year,No,Yes,Mailed check,1263.28,1,0.09199702597525865,0
CUST-0809,14,74.95,One year,DSL,No,Electronic check,1058.47,0,0.07074291862912588,0
CUST-0810,60,116.58,One year,Fiber optic,Yes,Mailed check,7015.37,0,0.016615429345943844,0
CUST-0811,30,63.25,Two year,Fiber optic,Yes,Bank transfer,1888.76,0,0.03346985860638388,0
CUST-0812,35,51.18,Month-to-month,DSL,No,Credit card,1800.93,1,0.028402879135149533,0
CUST-0813,37,70.61,Month-to-month,No,Yes,Electronic check,2604.15,1,0.02710400552751281,0
CUST-0814,5,63.95,One year,No,Yes,Credit card,321.08,0,0.19855315449577746,1
CUST-0815,26,30.57,Two year,No,Yes,Mailed check,809.9,0,0.037698853126156125,0
CUST-0816,62,84.08,Month-to-month,Fiber optic,No,Bank transfer,5207.76,0,0.01614203764427618,0
CUST-0817,4,41.6,Month-to-month,DSL,Yes,Bank transfer,166.25,1,0.24872944693572496,1
CUST-0818,42,81.96,Month-to-month,DSL,No,Bank transfer,3424.3,1,0.023927831138878343,0
CUST-0819,18,85.02,Month-to-month,No,No,Credit card,1523.72,1,0.055761057767983624,0
CUST-0820,40,35.2,One year,DSL,Yes,Mailed check,1388.94,0,0.02532483416550355,0
CUST-0821,39,26.13,One year,Fiber optic,Yes,Electronic check,1023.36,0,0.0255086102542075,0
CUST-0822,14,98.08,Month-to-month,Fiber optic,Yes,Electronic check,1381.44,1,0.07094702120887705,0
CUST-0823,32,65.98,Month-to-month,Fiber optic,No,Mailed check,2109.14,1,0.03126806752158625,0
CUST-0824,51,25.82,Month-to-month,No,Yes,Credit card,1319.68,0,0.019550534573098705,0
CUST-0825,38,119.49,Month-to-month,DSL,Yes,Electronic check,4537.36,1,0.026328894137970547,0
CUST-0826,23,25.78,One year,DSL,Yes,Mailed check,600.35,0,0.0428702086970982,0
CUST-0827,63,89.5,Two year,DSL,No,Electronic check,5639.79,0,0.015866571880889024,0
CUST-0828,15,118.37,Two year,Fiber optic,Yes,Bank transfer,1755.69,1,0.0673824066853002,0
CUST-0829,25,43.92,Month-to-month,DSL,No,Electronic check,1107.4,1,0.03962468422952003,0
CUST-0830,17,34.22,Two year,DSL,Yes,Credit card,577.84,0,0.05911823647294589,0
CUST-0831,66,32.14,One year,No,Yes,Mailed check,2108.54,0,0.015235548982242575,0
CUST-0832,53,50.33,One year,No,Yes,Credit card,2663.1,0,0.018891933485980256,0
CUST-0833,51,30.1,Month-to-month,DSL,Yes,Mailed check,1516.08,0,0.019840746697603294,0
CUST-0834,39,89.22,Month-to-month,DSL,Yes,Bank transfer,3467.08,1,0.025726050148785495,0
CUST-0835,51,26.23,Month-to-month,No,Yes,Mailed check,1339.16,0,0.01957228987583572,0
CUST-0836,70,70.94,Month-to-month,DSL,No,Electronic check,4968.07,0,0.014276313273912423,0
CUST-0837,6,119.67,Month-to-month,DSL,No,Electronic check,721.08,1,0.16572955905162862,1
CUST-0838,67,101.4,Month-to-month,DSL,No,Bank transfer,6793.83,1,0.014923110659133489,0
CUST-0839,7,81.52,Month-to-month,Fiber optic,Yes,Mailed check,563.71,1,0.14435728072816134,0
CUST-0840,51,50.63,One year,DSL,Yes,Bank transfer,2581.59,0,0.019604350671225398,0
CUST-0841,42,82.39,Month-to-month,No,Yes,Electronic check,3456.01,1,0.023832734067879467,0
CUST-0842,64,72.7,Month-to-month,Fiber optic,No,Credit card,4636.54,0,0.015676414650870937,0
CUST-0843,15,62.61,Two year,Fiber optic,No,Bank transfer,931.43,0,0.06714713168816963,0
CUST-0844,29,33.07,Two year,DSL,Yes,Credit card,967.93,0,0.03413043253898631,0
CUST-0845,33,108.66,One year,Fiber optic,Yes,Credit card,3601.66,0,0.030161047670332477,0
CUST-0846,27,64.98,Two year,Fiber optic,Yes,Mailed check,1760.97,0,0.03687917501433055,0
CUST-0847,36,39.46,One year,Fiber optic,Yes,Bank transfer,1436.0,0,0.027459986082115518,0
CUST-0848,29,56.78,Two year,Fiber optic,Yes,Credit card,1647.47,0,0.034444060249807396,0
CUST-0849,38,61.41,Month-to-month,Fiber optic,No,Credit card,2351.0,1,0.026109693877551018,0
CUST-0850,57,102.75,Month-to-month,No,No,Mailed check,5877.29,1,0.017479573141168606,0
CUST-0851,27,93.36,Month-to-month,No,Yes,Mailed check,2503.39,1,0.03727853888571668,0
CUST-0852,55,96.93,Month-to-month,Fiber optic,Yes,Electronic check,5333.36,1,0.018170877106157068,0
CUST-0853,33,21.1,Month-to-month,DSL,No,Credit card,697.16,0,0.03022229861349834,0
CUST-0854,68,61.62,One year,DSL,Yes,Electronic check,4185.92,0,0.01471726233126021,0
CUST-0855,66,68.13,One year,DSL,Yes,Credit card,4501.5,0,0.015131593559133814,0
CUST-0856,10,21.92,One year,Fiber optic,Yes,Electronic check,219.61,0,0.09936086306151126,0
CUST-0857,5,45.98,Month-to-month,Fiber optic,Yes,Mailed check,222.55,1,0.20568105569223885,1
CUST-0858,38,96.03,Two year,Fiber optic,Yes,Bank transfer,3648.87,0,0.02631052612832786,0
CUST-0859,13,33.71,One year,No,No,Mailed check,450.28,0,0.07469863499379543,0
CUST-0860,31,73.53,Month-to-month,No,Yes,Electronic check,2281.26,1,0.03221806455005126,0
CUST-0861,47,41.52,One year,No,Yes,Electronic check,1957.71,0,0.02119762496745307,0
CUST-0862,52,21.21,Month-to-month,DSL,No,Bank transfer,1100.15,0,0.01926168096989511,0
CUST-0863,56,44.12,Month-to-month,Fiber optic,Yes,Credit card,2475.24,0,0.01781733596097309,0
CUST-0864,15,117.59,Two year,DSL,No,Electronic check,1751.76,1,0.06708847760104064,0
CUST-0865,29,100.15,Month-to-month,DSL,No,Electronic check,2899.35,1,0.03453031530677332,0
CUST-0866,8,115.96,Month-to-month,DSL,Yes,Electronic check,926.65,1,0.12500404247291544,0
CUST-0867,5,68.79,Two year,DSL,No,Bank transfer,331.19,0,0.20708028537884948,1
CUST-0868,29,30.97,One year,Fiber optic,Yes,Mailed check,889.83,0,0.034765331207974585,0
CUST-0869,47,74.8,Month-to-month,No,No,Electronic check,3518.73,1,0.021251630096626728,0
CUST-0870,68,65.44,Month-to-month,DSL,Yes,Bank transfer,4451.22,0,0.014698285349780557,0
CUST-0871,45,104.44,Month-to-month,Fiber optic,No,Electronic check,4707.86,1,0.022179465942924616,0
CUST-0872,2,29.81,One year,Fiber optic,No,Credit card,53.61,0,0.545870719648416,1
CUST-0873,27,68.82,Month-to-month,DSL,Yes,Bank transfer,1858.72,1,0.03700557073107779,0
CUST-0874,36,35.0,Month-to-month,Fiber optic,Yes,Electronic check,1253.28,1,0.02790445514558153,0
CUST-0875,36,52.47,Two year,DSL,No,Bank transfer,1895.98,0,0.027659753924659195,0
CUST-0876,26,93.74,One year,Fiber optic,No,Electronic check,2449.15,0,0.03825888210925861,0
CUST-0877,43,67.6,Month-to-month,Fiber optic,Yes,Mailed check,2911.63,1,0.02320926447918204,0
CUST-0878,27,57.59,One year,DSL,No,Electronic check,1565.54,0,0.03676254675909967,0
CUST-0879,69,59.45,One year,DSL,Yes,Bank transfer,4102.37,0,0.014488091495526849,0
CUST-0880,20,65.94,Month-to-month,Fiber optic,Yes,Credit card,1326.86,1,0.04965884957751571,0
CUST-0881,11,98.5,Month-to-month,No,Yes,Credit card,1084.25,1,0.09076249712047915,0
CUST-0882,38,109.21,Two year,DSL,Yes,Credit card,4139.73,0,0.026374576463570436,0
CUST-0883,6,115.53,Month-to-month,Fiber optic,No,Electronic check,695.65,1,0.16583650326562838,1
CUST-0884,23,98.69,One year,Fiber optic,Yes,Mailed check,2259.92,0,0.043650372414769205,0
CUST-0885,47,51.54,Month-to-month,No,No,Electronic check,2445.77,0,0.0210645054500423,0
CUST-0886,46,88.81,Month-to-month,No,Yes,Credit card,4081.92,1,0.021751589548656355,0
CUST-0887,12,63.76,Month-to-month,Fiber optic,Yes,Bank transfer,771.57,1,0.08252973840558137,0
CUST-0888,13,45.47,Month-to-month,Fiber optic,Yes,Credit card,590.99,1,0.07680872987719387,0
CUST-0889,62,104.09,Month-to-month,No,Yes,Bank transfer,6441.24,1,0.016157423504867874,0
CUST-0890,60,23.84,Month-to-month,DSL,Yes,Mailed check,1411.41,0,0.016878951579215665,0
CUST-0891,43,110.18,Two year,DSL,Yes,Bank transfer,4745.23,0,0.02321421422897753,0
CUST-0892,68,66.15,Two year,DSL,Yes,Electronic check,4513.69,0,0.01465216880893262,0
CUST-0893,5,83.72,One year,No,Yes,Electronic check,411.25,1,0.20308065494238933,1
CUST-0894,37,85.94,Two year,No,Yes,Electronic check,3163.21,0,0.02716001782435426,0
CUST-0895,31,109.51,Month-to-month,DSL,Yes,Bank transfer,3391.56,1,0.032279458579951424,0
CUST-0896,9,83.67,Two year,Fiber optic,No,Electronic check,743.66,0,0.1123600032229474,0
CUST-0897,51,81.39,Month-to-month,Fiber optic,No,Electronic check,4144.39,1,0.019633858334197746,0
CUST-0898,29,26.67,Two year,DSL,Yes,Electronic check,779.53,0,0.034169090233559254,0
CUST-0899,40,71.84,Two year,No,Yes,Mailed check,2873.1,0,0.02499565081242824,0
CUST-0900,41,35.02,One year,DSL,Yes,Bank transfer,1427.52,0,0.02451488253577129,0
CUST-0901,11,93.74,Two year,DSL,No,Bank transfer,1037.03,0,0.09030567517316455,0
CUST-0902,23,71.22,One year,Fiber optic,Yes,Credit card,1644.73,0,0.04327562844452006,0
CUST-0903,1,88.02,Month-to-month,Fiber optic,Yes,Bank transfer,84.65,1,1.0276707530647984,1
CUST-0904,46,24.17,Month-to-month,DSL,Yes,Mailed check,1113.2,0,0.021692694309818704,0
CUST-0905,21,28.48,One year,Fiber optic,Yes,Bank transfer,603.29,0,0.04712968938754572,0
CUST-0906,36,91.63,Month-to-month,Fiber optic,Yes,Mailed check,3302.94,1,0.027733554483434928,0
CUST-0907,54,27.21,One year,DSL,No,Mailed check,1469.75,0,0.018500764915859256,0
CUST-0908,57,27.13,Two year,DSL,Yes,Bank transfer,1560.74,0,0.01737164957035102,0
CUST-0909,1,21.21,Month-to-month,Fiber optic,No,Credit card,27.04,1,0.7564194008559202,1
CUST-0910,63,115.65,One year,DSL,Yes,Electronic check,7281.44,0,0.015880666370062784,0
CUST-0911,54,93.75,Two year,No,Yes,Electronic check,5058.05,0,0.018531147152133304,0
CUST-0912,55,55.33,Two year,No,No,Bank transfer,3037.57,0,0.01820922341759446,0
CUST-0913,40,49.65,Two year,No,Yes,Bank transfer,1992.32,0,0.02490819336584191,0
CUST-0914,15,54.97,One year,DSL,No,Mailed check,818.32,0,0.067092222818923,0
CUST-0915,21,97.47,Two year,No,Yes,Bank transfer,2042.62,0,0.047694776915473525,0
CUST-0916,47,86.14,One year,Fiber optic,Yes,Mailed check,4059.16,0,0.021215912673392182,0
CUST-0917,53,38.52,Month-to-month,DSL,No,Credit card,2043.48,0,0.01884097667866646,0
CUST-0918,9,37.41,Month-to-month,DSL,Yes,Bank transfer,348.68,1,0.10698352779684282,0
CUST-0919,52,29.84,One year,DSL,No,Electronic check,1559.66,0,0.019120115848423103,0
CUST-0920,57,86.03,Month-to-month,Fiber optic,Yes,Electronic check,4891.94,1,0.01758247597558932,0
CUST-0921,26,96.44,One year,Fiber optic,No,Bank transfer,2506.42,0,0.03846184524331783,0
CUST-0922,41,46.5,One year,DSL,Yes,Mailed check,1916.4,0,0.024251590695733804,0
CUST-0923,35,22.09,Month-to-month,Fiber optic,Yes,Electronic check,760.93,0,0.028992164634546482,0
CUST-0924,63,28.22,One year,DSL,No,Mailed check,1782.06,0,0.015826724843807836,0
CUST-0925,25,116.79,One year,Fiber optic,No,Bank transfer,2919.36,0,0.03999164486570149,0
CUST-0926,38,49.54,Month-to-month,DSL,No,Bank transfer,1864.97,1,0.026549194252855082,0
CUST-0927,2,96.92,Month-to-month,No,No,Electronic check,195.04,1,0.49438890022444404,1
CUST-0928,7,82.47,Month-to-month,No,No,Bank transfer,568.92,1,0.14470451993262212,0
CUST-0929,34,58.19,Month-to-month,Fiber optic,Yes,Credit card,1966.78,1,0.02957139517629003,0
CUST-0930,17,40.57,Two year,DSL,Yes,Credit card,689.78,0,0.05873071021164481,0
CUST-0931,43,32.14,Month-to-month,DSL,Yes,Electronic check,1362.71,0,0.023568060658057798,0
CUST-0932,59,81.5,One year,No,Yes,Credit card,4801.76,0,0.016969409256344267,0
CUST-0933,51,97.46,Month-to-month,DSL,Yes,Mailed check,4995.97,1,0.019503819314504588,0
CUST-0934,54,84.39,Month-to-month,DSL,Yes,Electronic check,4563.56,1,0.01848809085651191,0
CUST-0935,24,73.03,Two year,DSL,Yes,Electronic check,1743.91,0,0.04185316148110791,0
CUST-0936,25,24.2,One year,Fiber optic,No,Mailed check,619.04,0,0.03902974001677311,0
CUST-0937,71,116.85,Month-to-month,Fiber optic,Yes,Credit card,8286.43,1,0.014099666603518822,0
CUST-0938,52,99.87,Month-to-month,No,Yes,Credit card,5187.7,1,0.01924759573688978,0
CUST-0939,70,49.28,Month-to-month,DSL,Yes,Credit card,3438.11,0,0.01432928868224628,0
CUST-0940,33,118.0,Month-to-month,DSL,No,Electronic check,3896.56,1,0.03027535175853611,0
CUST-0941,49,80.19,One year,No,No,Electronic check,3943.0,0,0.020332150101419876,0
CUST-0942,29,78.24,Month-to-month,No,No,Credit card,2258.97,1,0.03461992858312279,0
CUST-0943,63,94.81,Month-to-month,DSL,Yes,Bank transfer,5952.43,1,0.015925273329828352,0
CUST-0944,22,101.18,Month-to-month,Fiber optic,Yes,Credit card,2236.87,1,0.04521263522903476,0
CUST-0945,26,85.65,Two year,DSL,Yes,Mailed check,2242.44,0,0.03817797667867204,0
CUST-0946,28,32.81,Two year,No,Yes,Electronic check,898.73,0,0.03646649550420682,0
CUST-0947,49,53.83,Month-to-month,DSL,Yes,Mailed check,2642.27,0,0.020364926776303593,0
CUST-0948,71,112.81,One year,No,Yes,Mailed check,8011.78,0,0.014078759182206427,0
CUST-0949,49,42.46,Month-to-month,Fiber optic,Yes,Electronic check,2072.67,0,0.02047577483398998,0
CUST-0950,20,57.22,Month-to-month,Fiber optic,No,Bank transfer,1130.46,1,0.050571827550244815,0
CUST-0951,63,63.21,One year,DSL,No,Credit card,3992.15,0,0.015829608204049436,0
CUST-0952,61,63.94,Two year,Fiber optic,Yes,Mailed check,3902.13,0,0.01638172441092149,0
CUST-0953,49,81.29,Two year,Fiber optic,Yes,Electronic check,3985.75,0,0.020390042014171945,0
CUST-0954,71,114.31,One year,DSL,Yes,Mailed check,8109.79,0,0.014093571649617363,0
CUST-0955,1,44.07,Month-to-month,Fiber optic,Yes,Credit card,36.05,1,1.1894736842105265,1
CUST-0956,13,32.15,One year,No,No,Bank transfer,393.4,0,0.08151622718052738,0
CUST-0957,51,39.75,Month-to-month,Fiber optic,Yes,Bank transfer,2024.97,0,0.019620231296613475,0
CUST-0958,56,108.69,One year,Fiber optic,No,Bank transfer,6101.03,0,0.017812105151892077,0
CUST-0959,62,84.58,Month-to-month,DSL,Yes,Electronic check,5235.06,0,0.016153367226502367,0
CUST-0960,32,48.59,One year,Fiber optic,No,Electronic check,1539.66,0,0.031538431581270364,0
CUST-0961,30,101.59,Month-to-month,DSL,Yes,Bank transfer,3052.06,1,0.033274812810753805,0
CUST-0962,29,106.14,Month-to-month,Fiber optic,No,Credit card,3084.26,1,0.03440228700336438,0
CUST-0963,49,104.65,Two year,No,Yes,Credit card,5121.99,0,0.020427523770298207,0
CUST-0964,45,111.89,Month-to-month,Fiber optic,No,Electronic check,5031.56,1,0.02223321728901394,0
CUST-0965,30,45.22,One year,DSL,Yes,Bank transfer,1359.24,0,0.03324413338822561,0
CUST-0966,16,95.5,Month-to-month,DSL,Yes,Credit card,1526.44,1,0.0625229141570209,0
CUST-0967,40,66.05,Month-to-month,Fiber optic,No,Credit card,2652.0,1,0.024896343761779117,0
CUST-0968,19,104.2,Month-to-month,Fiber optic,No,Credit card,2004.17,1,0.051965668746290834,0
CUST-0969,18,92.85,Month-to-month,No,No,Electronic check,1654.21,1,0.05609560116239026,0
CUST-0970,1,97.64,Two year,No,No,Bank transfer,109.94,1,0.8801153776816297,1
CUST-0971,47,85.62,Month-to-month,Fiber optic,No,Mailed check,4025.19,1,0.02126576242055144,0
CUST-0972,66,37.74,Two year,DSL,Yes,Bank transfer,2504.72,0,0.01506153919831426,0
CUST-0973,38,74.5,One year,DSL,Yes,Bank transfer,2838.24,0,0.02623941618179513,0
CUST-0974,51,118.47,Month-to-month,DSL,Yes,Electronic check,6042.58,1,0.019602619639352833,0
CUST-0975,63,113.74,One year,DSL,No,Credit card,7173.22,0,0.015853988308136634,0
CUST-0976,4,24.32,One year,Fiber optic,Yes,Credit card,93.34,0,0.2577909688361246,1
CUST-0977,1,36.48,One year,Fiber optic,Yes,Electronic check,28.74,0,1.2266308002689978,1
CUST-0978,8,33.17,Month-to-month,Fiber optic,Yes,Electronic check,273.47,1,0.12085109483732283,0
CUST-0979,29,92.6,Month-to-month,DSL,No,Electronic check,2676.96,1,0.034578559799250175,0
CUST-0980,55,101.78,Two year,DSL,Yes,Electronic check,5604.32,0,0.0181577501373695,0
CUST-0981,3,41.35,Two year,DSL,Yes,Electronic check,124.36,0,0.3298500319081047,1
CUST-0982,32,70.59,Two year,DSL,Yes,Mailed check,2235.59,0,0.031561439512829796,0
CUST-0983,10,104.07,Month-to-month,No,Yes,Bank transfer,1034.96,1,0.10045754662342174,0
CUST-0984,34,93.28,One year,DSL,Yes,Bank transfer,3174.87,0,0.029371479311180875,0
CUST-0985,55,74.22,Month-to-month,Fiber optic,No,Bank transfer,4078.04,1,0.018195457754765828,0
CUST-0986,32,79.03,Month-to-month,DSL,No,Credit card,2503.49,1,0.03155532663336648,0
CUST-0987,50,70.84,Month-to-month,No,No,Mailed check,3555.21,1,0.01992008345963821,0
CUST-0988,7,49.75,One year,Fiber optic,Yes,Bank transfer,349.94,0,0.14176212457970022,0
CUST-0989,8,76.5,Month-to-month,DSL,No,Credit card,616.44,1,0.12389867841409691,0
CUST-0990,65,88.89,Month-to-month,Fiber optic,Yes,Mailed check,5773.12,0,0.015394553628951252,0
CUST-0991,57,107.33,Two year,Fiber optic,Yes,Mailed check,6123.12,0,0.017525783296212353,0
CUST-0992,67,83.63,Month-to-month,No,No,Credit card,5621.56,0,0.014874007569505703,0
CUST-0993,59,96.11,Month-to-month,DSL,Yes,Mailed check,5663.14,1,0.016968154035740642,0
CUST-0994,54,36.01,Month-to-month,No,Yes,Credit card,1961.21,0,0.018351756437894006,0
CUST-0995,67,66.16,Two year,No,No,Bank transfer,4436.71,0,0.014908590241363224,0
CUST-0996,51,20.93,One year,No,Yes,Credit card,1058.74,0,0.019750127389737106,0
CUST-0997,8,44.67,Month-to-month,Fiber optic,No,Mailed check,379.48,1,0.11740433137089991,0
CUST-0998,34,92.65,Two year,Fiber optic,Yes,Bank transfer,3154.02,0,0.029365899423775446,0
CUST-0999,35,119.18,Two year,Fiber optic,No,Bank transfer,4178.06,0,0.02851837494556192,0
CUST-1000,32,29.92,Month-to-month,Fiber optic,Yes,Electronic check,954.75,1,0.031305257651059376,0
